module,time_add,time_rem,cost_add,cost_rem
0,"(3120, 3900, 4680)","(2080, 2600, 3120)",275,225
1,"(3120, 3900, 4680)","(2080, 2600, 3120)",75,425
2,"(3120, 3900, 4680)","(2080, 2600, 3120)",700,500
3,"(3120, 3900, 4680)","(2080, 2600, 3120)",550,450
4,"(3480, 4350, 5220)","(2320, 2900, 3480)",275,225
5,"(3480, 4350, 5220)","(2320, 2900, 3480)",75,425
6,"(3480, 4350, 5220)","(2320, 2900, 3480)",700,500
7,"(3480, 4350, 5220)","(2320, 2900, 3480)",550,450
8,"(3000, 3750, 4500)","(2000, 2500, 3000)",275,225
9,"(3000, 3750, 4500)","(2000, 2500, 3000)",75,425
10,"(3000, 3750, 4500)","(2000, 2500, 3000)",700,500
11,"(3000, 3750, 4500)","(2000, 2500, 3000)",550,450
12,"(2880, 3600, 4320)","(1920, 2400, 2880)",275,225
13,"(2880, 3600, 4320)","(1920, 2400, 2880)",75,425
14,"(2880, 3600, 4320)","(1920, 2400, 2880)",700,500
15,"(2880, 3600, 4320)","(1920, 2400, 2880)",550,450
16,"(3000, 3750, 4500)","(2000, 2500, 3000)",275,225
17,"(3000, 3750, 4500)","(2000, 2500, 3000)",75,425
18,"(3000, 3750, 4500)","(2000, 2500, 3000)",700,500
19,"(3000, 3750, 4500)","(2000, 2500, 3000)",550,450
