episode,makespan_mean,cost_mean,runtime_sec,steps_mean,upper_reward_mean,lower_reward_mean,total_reward_mean,done_rate
1,3111.9166666666665,3286.0,20.255690300022252,213.0,-3.9756130140474673,-3.9756130140474673,-7.9512260280949345,1.0
2,3022.875,2624.25,18.013183600036427,203.0,-3.376621315665196,-3.376621315665196,-6.753242631330392,1.0
3,2915.8333333333335,2224.25,16.272188199916855,196.25,-2.9945970034539924,-2.9945970034539924,-5.989194006907985,1.0
4,2890.041666666667,2127.25,17.485995900002308,194.25,-2.902018339491255,-2.902018339491255,-5.80403667898251,1.0
5,2940.2083333333335,1982.0,16.305726999999024,192.75,-2.7966871081849423,-2.7966871081849423,-5.5933742163698845,1.0
6,2773.5416666666665,1772.75,16.78495669993572,188.0,-2.5553357455713903,-2.5553357455713903,-5.110671491142781,1.0
7,2738.416666666667,1254.25,15.269383299979381,180.5,-2.099000379661268,-2.099000379661268,-4.198000759322536,1.0
8,2556.9583333333335,1053.75,16.143967099953443,178.25,-1.8595803122482422,-1.8595803122482422,-3.7191606244964843,1.0
9,2538.875,1089.75,16.30541779997293,179.5,-1.8835677278662106,-1.8835677278662106,-3.7671354557324213,1.0
10,2538.375,1038.0,15.008290500030853,178.0,-1.8391494430091389,-1.8391494430091389,-3.6782988860182777,1.0
11,2664.041666666667,747.75,15.749344000010751,173.5,-1.6382014473428335,-1.6382014473428335,-3.276402894685667,1.0
12,2674.416666666667,650.75,13.988119499990717,172.5,-1.559186413682621,-1.559186413682621,-3.118372827365242,1.0
13,2271.0416666666665,871.0,15.350889099994674,175.5,-1.5961560454111905,-1.5961560454111905,-3.192312090822381,1.0
14,2424.541666666667,656.25,14.069715999998152,172.0,-1.4701763341389555,-1.4701763341389555,-2.940352668277911,1.0
15,2688.8333333333335,685.75,15.136636700015515,172.25,-1.5945076441555308,-1.5945076441555308,-3.1890152883110616,1.0
16,2641.9583333333335,656.0,12.662628200021572,172.75,-1.55150070376235,-1.55150070376235,-3.1030014075247,1.0
17,2459.8333333333335,639.5,15.904532999964431,171.75,-1.4690955727792125,-1.4690955727792125,-2.938191145558425,1.0
18,2569.2083333333335,608.5,10.527777399984188,171.25,-1.4836188895370903,-1.4836188895370903,-2.9672377790741806,1.0
19,2637.6666666666665,808.25,16.867739900015295,174.75,-1.6800193997647943,-1.6800193997647943,-3.3600387995295886,1.0
20,2575.8333333333335,712.75,11.120466400054283,173.25,-1.5752060356881585,-1.5752060356881585,-3.150412071376317,1.0
21,2489.041666666667,799.25,17.067423400003463,175.5,-1.6165880721541603,-1.6165880721541603,-3.2331761443083207,1.0
22,2685.125,756.25,10.904620500048622,174.0,-1.6533733135168664,-1.6533733135168664,-3.306746627033733,1.0
23,2720.916666666667,993.25,18.372915900079533,178.5,-1.8693604096637677,-1.8693604096637677,-3.7387208193275354,1.0
24,2669.0833333333335,772.0,11.71387869992759,174.5,-1.6608187256345428,-1.6608187256345428,-3.3216374512690856,1.0
25,2342.7083333333335,653.25,15.244278500089422,172.5,-1.4369221740700608,-1.4369221740700608,-2.8738443481401217,1.0
26,2428.0833333333335,782.0,14.699649999965914,175.25,-1.578983202303895,-1.578983202303895,-3.15796640460779,1.0
27,2639.5833333333335,690.25,14.372007999918424,173.25,-1.5798835088109187,-1.5798835088109187,-3.1597670176218373,1.0
28,2618.7083333333335,784.75,15.154770900029689,174.5,-1.6528239621820326,-1.6528239621820326,-3.3056479243640653,1.0
29,2647.2083333333335,720.0,14.32218949997332,174.75,-1.6081704725393777,-1.6081704725393777,-3.2163409450787555,1.0
30,2577.3333333333335,644.75,15.288661499973387,172.0,-1.517648924447407,-1.517648924447407,-3.035297848894814,1.0
31,2692.8333333333335,689.25,13.998797800042666,173.5,-1.5989992221574014,-1.5989992221574014,-3.197998444314803,1.0
32,2488.8333333333335,630.25,14.869430399965495,172.5,-1.4720654961987567,-1.4720654961987567,-2.9441309923975134,1.0
33,2611.8333333333335,569.5,14.13887549994979,171.0,-1.466271263346019,-1.466271263346019,-2.932542526692038,1.0
34,2578.166666666667,693.25,14.291627100086771,172.25,-1.5594144419442355,-1.5594144419442355,-3.118828883888471,1.0
35,2451.291666666667,662.0,15.726105600013398,172.75,-1.4851229500606526,-1.4851229500606526,-2.9702459001213053,1.0
36,2390.2083333333335,594.5,13.467632799991407,171.0,-1.404522483355094,-1.404522483355094,-2.809044966710188,1.0
37,2469.625,754.75,15.93949420005083,174.0,-1.5712720272985705,-1.5712720272985705,-3.142544054597141,1.0
38,2478.0833333333335,621.0,13.265828099916689,172.75,-1.460127927327277,-1.460127927327277,-2.920255854654554,1.0
39,2311.8333333333335,689.0,15.04607279994525,173.0,-1.455898639701456,-1.455898639701456,-2.911797279402912,1.0
40,2458.3333333333335,642.0,13.50730709999334,172.5,-1.4706697780370581,-1.4706697780370581,-2.9413395560741162,1.0
41,2223.5,605.75,13.97150630003307,171.25,-1.3516170329008894,-1.3516170329008894,-2.703234065801779,1.0
42,2536.9583333333335,611.0,14.591261200024746,171.75,-1.4736608837773513,-1.4736608837773513,-2.9473217675547025,1.0
43,2335.3333333333335,494.75,13.436411799979396,169.75,-1.2986862331120181,-1.2986862331120181,-2.5973724662240363,1.0
44,2328.3333333333335,568.0,15.455844999989495,171.25,-1.3586678519506248,-1.3586678519506248,-2.7173357039012496,1.0
45,2374.2083333333335,695.25,13.448596699978225,173.25,-1.484633094424535,-1.484633094424535,-2.96926618884907,1.0
46,2241.708333333333,594.5,15.777762099984102,171.25,-1.348830342343343,-1.348830342343343,-2.697660684686686,1.0
47,2458.7083333333335,598.0,13.783865100005642,172.0,-1.433203577149947,-1.433203577149947,-2.866407154299894,1.0
48,2370.5833333333335,528.75,14.35456550004892,170.5,-1.3409659138261518,-1.3409659138261518,-2.6819318276523036,1.0
49,2703.125,540.5,15.28125410003122,170.25,-1.475722166662036,-1.475722166662036,-2.951444333324072,1.0
50,2344.0833333333335,571.75,11.954011900001206,171.5,-1.3677797223842723,-1.3677797223842723,-2.7355594447685445,1.0
51,2408.7083333333335,603.25,16.709302600007504,171.5,-1.4189391940069074,-1.4189391940069074,-2.8378783880138148,1.0
52,2217.375,547.75,12.410490500042215,170.25,-1.299747316906038,-1.299747316906038,-2.599494633812076,1.0
53,2487.4583333333335,545.5,16.798152799950913,170.25,-1.3991139307905283,-1.3991139307905283,-2.7982278615810565,1.0
54,2203.2083333333335,594.0,12.059478600043803,171.25,-1.3339642886907237,-1.3339642886907237,-2.6679285773814474,1.0
55,2502.7083333333335,554.0,15.867020100005902,170.25,-1.4120981146577023,-1.4120981146577023,-2.8241962293154046,1.0
56,2247.7083333333335,510.5,12.718667299952358,169.5,-1.2792856580640972,-1.2792856580640972,-2.5585713161281944,1.0
57,2457.2083333333335,651.25,14.620105399983004,172.0,-1.478153850783861,-1.478153850783861,-2.956307701567722,1.0
58,2451.9583333333335,737.0,14.683563000056893,173.75,-1.5494755349982863,-1.5494755349982863,-3.0989510699965725,1.0
59,2527.7083333333335,554.75,14.040461900061928,171.0,-1.4221149216138376,-1.4221149216138376,-2.844229843227675,1.0
60,2549.916666666667,652.75,15.264377799932845,172.25,-1.5142044244427768,-1.5142044244427768,-3.0284088488855536,1.0
61,2601.3333333333335,661.25,13.572574199992232,172.0,-1.5407522386124763,-1.5407522386124763,-3.0815044772249527,1.0
62,2392.833333333333,598.25,16.46121169999242,171.0,-1.4087120685983083,-1.4087120685983083,-2.8174241371966167,1.0
63,2506.0833333333335,635.25,13.338824100093916,171.75,-1.4828082895796868,-1.4828082895796868,-2.9656165791593736,1.0
64,2392.5,631.5,15.923386699985713,171.5,-1.437005861599577,-1.437005861599577,-2.874011723199154,1.0
65,2553.3333333333335,654.0,13.010279599926434,172.5,-1.5165541572908845,-1.5165541572908845,-3.033108314581769,1.0
66,2415.2083333333335,665.75,16.006325300084427,173.0,-1.4747957005676395,-1.4747957005676395,-2.949591401135279,1.0
67,2492.0833333333335,559.5,12.854126199963503,170.75,-1.4128142622996356,-1.4128142622996356,-2.825628524599271,1.0
68,2473.4583333333335,592.0,14.62962779996451,171.0,-1.4336070829976564,-1.4336070829976564,-2.8672141659953128,1.0
69,2647.375,656.0,14.476158099947497,173.25,-1.5535321230472903,-1.5535321230472903,-3.1070642460945805,1.0
70,2628.875,563.5,14.892007400048897,171.5,-1.4675342158142801,-1.4675342158142801,-2.9350684316285602,1.0
71,2453.7083333333335,468.0,14.0361490000505,169.5,-1.320217309775814,-1.320217309775814,-2.640434619551628,1.0
72,2617.0833333333335,482.25,15.24393630004488,169.75,-1.3936675278495425,-1.3936675278495425,-2.787335055699085,1.0
73,2647.5833333333335,559.0,12.555308100068942,171.0,-1.4707042716522665,-1.4707042716522665,-2.941408543304533,1.0
74,2622.3333333333335,511.0,16.008366400026716,170.25,-1.420209091498365,-1.420209091498365,-2.84041818299673,1.0
75,2431.4583333333335,530.0,10.616573000093922,170.5,-1.3648643173968193,-1.3648643173968193,-2.7297286347936387,1.0
76,2625.0833333333335,585.5,16.72187800006941,172.0,-1.4849156411182407,-1.4849156411182407,-2.9698312822364814,1.0
77,2626.8333333333335,513.0,10.979145099991001,170.75,-1.423606133844486,-1.423606133844486,-2.847212267688972,1.0
78,2650.3333333333335,559.0,16.943574200035073,171.0,-1.4717356075969288,-1.4717356075969288,-2.9434712151938576,1.0
79,2675.3333333333335,616.0,11.281561100040562,172.5,-1.529829337629987,-1.529829337629987,-3.059658675259974,1.0
80,2632.8333333333335,699.75,16.2792648000177,173.5,-1.5854717059754975,-1.5854717059754975,-3.170943411950995,1.0
81,2619.8333333333335,741.75,12.095316500053741,174.0,-1.616493735589076,-1.616493735589076,-3.232987471178152,1.0
82,2587.0833333333335,706.75,15.695681100012735,173.5,-1.5742969321517528,-1.5742969321517528,-3.1485938643035056,1.0
83,2644.8333333333335,660.5,13.424781499896199,172.75,-1.5564250724597413,-1.5564250724597413,-3.1128501449194825,1.0
84,2645.2083333333335,659.25,15.35636059998069,172.75,-1.555497333111092,-1.555497333111092,-3.110994666222184,1.0
85,2611.5833333333335,520.0,14.453716699965298,170.0,-1.4238698132251755,-1.4238698132251755,-2.847739626450351,1.0
86,2620.125,674.0,15.030328699969687,173.75,-1.5586971367984364,-1.5586971367984364,-3.1173942735968727,1.0
87,2648.3333333333335,530.5,13.671975600067526,170.75,-1.4466265707327455,-1.4466265707327455,-2.893253141465491,1.0
88,2582.0833333333335,692.25,15.680839400039986,173.5,-1.5600286134955685,-1.5600286134955685,-3.120057226991137,1.0
89,2556.625,715.5,13.92665170005057,173.25,-1.5703527377281432,-1.5703527377281432,-3.1407054754562864,1.0
90,2633.8333333333335,611.0,15.182602900080383,171.5,-1.5099920363734007,-1.5099920363734007,-3.0199840727468015,1.0
91,2633.3333333333335,554.5,13.117493900004774,171.25,-1.4615139224565004,-1.4615139224565004,-2.9230278449130007,1.0
92,2636.3333333333335,604.5,16.15452500001993,172.5,-1.5053740589493563,-1.5053740589493563,-3.0107481178987126,1.0
93,2680.4583333333335,580.75,13.587926700012758,171.75,-1.5016231676713794,-1.5016231676713794,-3.0032463353427588,1.0
94,2617.7083333333335,614.0,15.300415199948475,172.5,-1.5065087599892577,-1.5065087599892577,-3.0130175199785154,1.0
95,2613.5833333333335,523.25,13.639267500024289,170.75,-1.4273976535081623,-1.4273976535081623,-2.8547953070163246,1.0
96,2664.2083333333335,557.5,14.527725599939004,171.5,-1.475657114944763,-1.475657114944763,-2.951314229889526,1.0
97,2700.3333333333335,502.75,14.124088100041263,171.25,-1.442410247150225,-1.442410247150225,-2.88482049430045,1.0
98,2679.0833333333335,471.5,13.521031499956734,169.75,-1.40773143132298,-1.40773143132298,-2.81546286264596,1.0
99,2627.0833333333335,554.5,15.749069699901156,171.25,-1.4591699771277231,-1.4591699771277231,-2.9183399542554462,1.0
100,2647.5833333333335,563.75,12.746732999919914,171.0,-1.474764100712096,-1.474764100712096,-2.949528201424192,1.0
101,2644.0833333333335,477.25,16.58339220006019,170.25,-1.3995198673963567,-1.3995198673963567,-2.7990397347927134,1.0
102,2528.0833333333335,576.25,13.229900500038639,172.0,-1.4406316267096329,-1.4406316267096329,-2.8812632534192657,1.0
103,2694.8333333333335,648.0,16.38554899999872,173.25,-1.5644928744061999,-1.5644928744061999,-3.1289857488123998,1.0
104,2643.2083333333335,544.75,13.242642699973658,171.5,-1.4568840227426354,-1.4568840227426354,-2.913768045485271,1.0
105,2506.2083333333335,525.75,15.169428499997593,170.25,-1.3892654248965188,-1.3892654248965188,-2.7785308497930377,1.0
106,2388.4583333333335,589.0,13.696709900046699,172.25,-1.3991653239621813,-1.3991653239621813,-2.7983306479243626,1.0
107,2643.4583333333335,632.25,13.493346399976872,172.75,-1.5317641053421114,-1.5317641053421114,-3.0635282106842228,1.0
108,2624.5,675.0,15.704755900078453,174.0,-1.5611925993832814,-1.5611925993832814,-3.1223851987665627,1.0
109,2419.083333333333,647.75,12.59218250005506,173.0,-1.460864331286866,-1.460864331286866,-2.921728662573732,1.0
110,2303.333333333333,787.0,16.14049000001978,174.75,-1.5364715578150026,-1.5364715578150026,-3.072943115630005,1.0
111,2518.0833333333335,490.25,13.024546399945393,170.25,-1.3633770406793153,-1.3633770406793153,-2.7267540813586306,1.0
112,2558.9583333333335,651.5,15.143926099990495,173.25,-1.5165269559500323,-1.5165269559500323,-3.0330539119000646,1.0
113,2537.3333333333335,657.0,13.20647169998847,173.5,-1.513117759813317,-1.513117759813317,-3.026235519626634,1.0
114,2413.5833333333335,728.0,14.183157399995252,174.25,-1.5273914029872855,-1.5273914029872855,-3.054782805974571,1.0
115,2323.833333333333,670.75,13.843959699966945,173.25,-1.444800724134418,-1.444800724134418,-2.889601448268836,1.0
116,2318.083333333333,642.75,13.374944099923596,173.25,-1.4187126705003188,-1.4187126705003188,-2.8374253410006376,1.0
117,2347.208333333333,720.25,15.399910499923863,174.75,-1.4958747719717378,-1.4958747719717378,-2.9917495439434756,1.0
118,2449.708333333333,768.0,13.668133600032888,174.75,-1.5751274411756524,-1.5751274411756524,-3.150254882351305,1.0
119,2647.9583333333335,574.0,15.788715400034562,172.25,-1.483665421192506,-1.483665421192506,-2.967330842385012,1.0
120,2501.5833333333335,730.5,13.901923199999146,175.0,-1.5625309053532233,-1.5625309053532233,-3.1250618107064465,1.0
121,2388.9583333333335,773.5,15.763523799949326,175.5,-1.5570451472807916,-1.5570451472807916,-3.114090294561583,1.0
122,2507.5833333333335,648.5,14.174988399958238,173.0,-1.4946956227833796,-1.4946956227833796,-2.9893912455667593,1.0
123,2506.3333333333335,640.5,14.105223900056444,172.75,-1.4873892268800173,-1.4873892268800173,-2.9747784537600346,1.0
124,2555.0833333333335,635.0,14.96035850001499,173.0,-1.5009711457436263,-1.5009711457436263,-3.0019422914872527,1.0
125,2457.8333333333335,695.25,14.33461709995754,173.5,-1.5159950829235762,-1.5159950829235762,-3.0319901658471524,1.0
126,2388.5833333333335,771.25,15.002175600035116,175.25,-1.554981433637988,-1.554981433637988,-3.109962867275976,1.0
127,2407.833333333333,670.25,14.391851300024427,173.25,-1.4758759989258357,-1.4758759989258357,-2.9517519978516713,1.0
128,2562.5833333333335,667.0,15.865859600016847,173.75,-1.5311343074885864,-1.5311343074885864,-3.0622686149771727,1.0
129,2451.8333333333335,665.75,15.145234700059518,173.25,-1.4885312201942749,-1.4885312201942749,-2.9770624403885497,1.0
130,2546.8333333333335,604.0,13.337767200078815,172.5,-1.4713814114139137,-1.4713814114139137,-2.9427628228278273,1.0
131,2442.3333333333335,650.75,15.891208500019275,172.5,-1.4721479104740207,-1.4721479104740207,-2.9442958209480414,1.0
132,2507.7083333333335,640.0,11.30074960005004,173.5,-1.4874775444249975,-1.4874775444249975,-2.974955088849995,1.0
133,2522.083333333333,642.0,16.874341299990192,173.0,-1.4945780203905876,-1.4945780203905876,-2.9891560407811752,1.0
134,2467.458333333333,717.0,11.115083700045943,174.75,-1.5381945023196373,-1.5381945023196373,-3.0763890046392746,1.0
135,2468.8333333333335,652.25,16.698929599951953,173.0,-1.4833682899500875,-1.4833682899500875,-2.966736579900175,1.0
136,2625.0833333333335,623.5,11.082511399989016,172.75,-1.517394273596873,-1.517394273596873,-3.034788547193746,1.0
137,2616.5833333333335,603.75,16.69524279993493,172.5,-1.4973261660693942,-1.4973261660693942,-2.9946523321387883,1.0
138,2626.5833333333335,582.0,11.294798300019465,172.25,-1.482486735005694,-1.482486735005694,-2.964973470011388,1.0
139,2623.0833333333335,722.25,15.924819699954242,174.75,-1.6010459204933738,-1.6010459204933738,-3.2020918409867476,1.0
140,2651.4583333333335,689.0,13.943383000092581,174.25,-1.5832686288672195,-1.5832686288672195,-3.166537257734439,1.0
141,2638.3333333333335,601.0,15.365617400035262,172.5,-1.503132668463112,-1.503132668463112,-3.006265336926224,1.0
142,2631.3333333333335,582.0,14.22822879999876,172.25,-1.484268133455565,-1.484268133455565,-2.96853626691113,1.0
143,2624.8333333333335,644.0,15.82419019995723,173.5,-1.5348218833050897,-1.5348218833050897,-3.0696437666101795,1.0
144,2679.5833333333335,464.5,14.332090899930336,169.75,-1.4019360409663761,-1.4019360409663761,-2.8038720819327523,1.0
145,2301.083333333333,812.5,15.359414499951527,175.0,-1.5574226092915144,-1.5574226092915144,-3.114845218583029,1.0
146,2206.833333333333,701.25,13.442119700019248,174.25,-1.426990443648081,-1.426990443648081,-2.853980887296162,1.0
147,2357.583333333333,790.0,15.018954899976961,175.5,-1.5593811058328928,-1.5593811058328928,-3.1187622116657856,1.0
148,2395.083333333333,538.0,12.4620133000426,170.5,-1.3580601624209419,-1.3580601624209419,-2.7161203248418837,1.0
149,2491.3333333333335,604.75,15.178110099979676,172.0,-1.4512082025353958,-1.4512082025353958,-2.9024164050707917,1.0
150,2646.0833333333335,693.75,12.131890299962834,173.0,-1.5853126649443001,-1.5853126649443001,-3.1706253298886002,1.0
151,2640.3333333333335,640.0,16.22419420001097,172.25,-1.5372160643016541,-1.5372160643016541,-3.0744321286033083,1.0
152,2645.3333333333335,579.75,13.415860999957658,171.5,-1.4875954940689495,-1.4875954940689495,-2.975190988137899,1.0
153,2496.083333333333,647.75,14.975911299930885,173.25,-1.4897417377374034,-1.4897417377374034,-2.9794834754748067,1.0
154,2672.083333333333,757.5,14.01903049997054,175.25,-1.6495506569991938,-1.6495506569991938,-3.2991013139983876,1.0
155,2642.5,736.5,13.6637598000234,174.5,-1.6205072644942626,-1.6205072644942626,-3.2410145289885253,1.0
156,2516.958333333333,748.5,15.784340800018981,174.25,-1.583681626246631,-1.583681626246631,-3.167363252493262,1.0
157,2548.8333333333335,758.0,13.288832399994135,173.75,-1.6037554055430538,-1.6037554055430538,-3.2075108110861077,1.0
158,2699.375,769.0,16.07530970009975,175.0,-1.6696149447639148,-1.6696149447639148,-3.3392298895278296,1.0
159,2518.5833333333335,673.5,12.743834000080824,173.25,-1.520188487929549,-1.520188487929549,-3.040376975859098,1.0
160,2706.25,670.0,16.956734200008214,172.75,-1.5875779000101853,-1.5875779000101853,-3.1751558000203706,1.0
161,2329.7083333333335,699.75,13.263257300015539,173.0,-1.4717903575297937,-1.4717903575297937,-2.9435807150595874,1.0
162,2619.7083333333335,595.25,16.102320899954066,172.0,-1.4912331814688256,-1.4912331814688256,-2.982466362937651,1.0
163,2508.0833333333335,660.75,13.71878909994848,173.0,-1.505353223879767,-1.505353223879767,-3.010706447759534,1.0
164,2573.9583333333335,547.0,13.771624400047585,171.25,-1.4328361854228588,-1.4328361854228588,-2.8656723708457177,1.0
165,2479.25,629.5,14.581298600067385,172.75,-1.4678304210536057,-1.4678304210536057,-2.9356608421072115,1.0
166,2578.541666666667,592.25,13.367364699952304,171.5,-1.473230292339176,-1.473230292339176,-2.946460584678352,1.0
167,2498.9583333333335,530.5,15.89175339997746,170.75,-1.3906062773749661,-1.3906062773749661,-2.7812125547499322,1.0
168,2453.2083333333335,582.0,12.648231900064275,172.0,-1.4174656915854091,-1.4174656915854091,-2.8349313831708183,1.0
169,2509.7083333333335,564.25,12.3363199000014,171.5,-1.423484017186617,-1.423484017186617,-2.846968034373234,1.0
170,2570.2083333333335,743.75,15.066305699991062,174.0,-1.5995922113879855,-1.5995922113879855,-3.199184422775971,1.0
171,2521.5833333333335,635.25,12.131443600053899,172.75,-1.4886212739950546,-1.4886212739950546,-2.9772425479901092,1.0
172,2578.25,712.75,15.689629300031811,174.25,-1.5761123612152856,-1.5761123612152856,-3.1522247224305713,1.0
173,2578.4583333333335,697.25,12.432420399971306,174.0,-1.562942629478382,-1.562942629478382,-3.125885258956764,1.0
174,2528.2083333333335,463.75,16.60571869998239,170.25,-1.344524659462362,-1.344524659462362,-2.689049318924724,1.0
175,2497.5833333333335,569.25,11.673668700037524,171.75,-1.4232102675222928,-1.4232102675222928,-2.8464205350445857,1.0
176,2565.8333333333335,566.5,16.42627019993961,171.75,-1.4464557231621145,-1.4464557231621145,-2.892911446324229,1.0
177,2584.3333333333335,735.75,13.12712099996861,174.75,-1.5980519209934152,-1.5980519209934152,-3.1961038419868304,1.0
178,2518.7083333333335,565.25,14.593918400001712,171.75,-1.4277139993147572,-1.4277139993147572,-2.8554279986295144,1.0
179,2670.3333333333335,534.0,15.638710700091906,170.5,-1.457868711281495,-1.457868711281495,-2.91573742256299,1.0
180,2599.4583333333335,631.75,13.306348200072534,172.25,-1.5148353798001681,-1.5148353798001681,-3.0296707596003363,1.0
181,2546.5833333333335,495.5,15.900193299981765,170.25,-1.3785526108657198,-1.3785526108657198,-2.7571052217314396,1.0
182,2562.8333333333335,491.5,13.83331530005671,170.0,-1.3812280653017375,-1.3812280653017375,-2.762456130603475,1.0
183,2552.5833333333335,646.75,15.303299899911508,173.0,-1.5100763026548503,-1.5100763026548503,-3.0201526053097005,1.0
184,2576.791666666667,629.75,13.638202900066972,172.0,-1.5046252696984002,-1.5046252696984002,-3.0092505393968003,1.0
185,2426.25,588.0,15.784032700001262,170.5,-1.412483679195488,-1.412483679195488,-2.824967358390976,1.0
186,2552.9166666666665,720.75,14.787031700019725,173.75,-1.573449176320248,-1.573449176320248,-3.146898352640496,1.0
187,2657.4583333333335,638.5,13.704541699960828,172.5,-1.5423564232204527,-1.5423564232204527,-3.0847128464409055,1.0
188,2451.7083333333335,631.75,16.132470400072634,172.25,-1.4594245122278704,-1.4594245122278704,-2.918849024455741,1.0
189,2472.9583333333335,548.5,11.913521399954334,170.5,-1.3962400801918675,-1.3962400801918675,-2.792480160383735,1.0
190,2492.541666666667,670.25,16.380770900053903,172.5,-1.5076442712818654,-1.5076442712818654,-3.015288542563731,1.0
191,2554.5416666666665,629.25,12.373662500060163,172.0,-1.4958534739006022,-1.4958534739006022,-2.9917069478012044,1.0
192,2519.7083333333335,703.5,16.527021700050682,173.0,-1.5462514237297547,-1.5462514237297547,-3.0925028474595093,1.0
193,2462.375,633.0,11.829877999960445,172.25,-1.46449322165736,-1.46449322165736,-2.92898644331472,1.0
194,2678.875,610.0,16.32385400007479,171.75,-1.5260293681880892,-1.5260293681880892,-3.0520587363761784,1.0
195,2431.0833333333335,521.25,11.85364850005135,170.0,-1.3572450481984606,-1.3572450481984606,-2.714490096396921,1.0
196,2285.333333333333,610.25,14.870336099993438,171.5,-1.3786526191997475,-1.3786526191997475,-2.757305238399495,1.0
197,2607.0,518.75,13.930937799974345,170.75,-1.4210825439156958,-1.4210825439156958,-2.8421650878313915,1.0
198,2482.0416666666665,592.75,14.740170900011435,171.5,-1.4374671268902033,-1.4374671268902033,-2.8749342537804066,1.0
199,2462.7083333333335,771.25,14.497197299962863,173.75,-1.5827806252372874,-1.5827806252372874,-3.1655612504745747,1.0
200,2608.041666666667,890.0,16.271445699967444,177.25,-1.7387808937781846,-1.7387808937781846,-3.477561787556369,1.0
201,2614.4583333333335,768.25,13.635940799955279,174.5,-1.6371275152559004,-1.6371275152559004,-3.274255030511801,1.0
202,2202.5833333333335,438.75,15.884478399995714,168.25,-1.2010375864655385,-1.2010375864655385,-2.402075172931077,1.0
203,2149.7083333333335,546.5,12.002667700056918,170.0,-1.2733018260780988,-1.2733018260780988,-2.5466036521561977,1.0
204,2509.7083333333335,773.75,16.805013899924234,174.5,-1.6025438462464459,-1.6025438462464459,-3.2050876924928917,1.0
205,2351.4583333333335,512.0,11.85477279999759,170.25,-1.3194772018038536,-1.3194772018038536,-2.6389544036077073,1.0
206,2280.4583333333335,496.75,17.06503529998008,169.5,-1.2798157948347542,-1.2798157948347542,-2.5596315896695083,1.0
207,2440.9583333333335,559.5,11.869700499926694,170.75,-1.3936407895102363,-1.3936407895102363,-2.7872815790204726,1.0
208,2451.458333333333,672.5,16.944278400042094,171.0,-1.4941598142437789,-1.4941598142437789,-2.9883196284875577,1.0
209,2263.0833333333335,482.0,12.677447799942456,169.5,-1.2606927892139157,-1.2606927892139157,-2.5213855784278314,1.0
210,2505.7083333333335,638.0,15.451709800050594,172.0,-1.485018080210387,-1.485018080210387,-2.970036160420774,1.0
211,2294.0833333333335,514.75,13.336111000040546,170.0,-1.3003102110361044,-1.3003102110361044,-2.600620422072209,1.0
212,2553.2083333333335,654.75,13.806634800042957,171.5,-1.517148304025335,-1.517148304025335,-3.03429660805067,1.0
213,2270.2083333333335,552.5,15.583115100045688,170.25,-1.3236212971451315,-1.3236212971451315,-2.647242594290263,1.0
214,2409.2083333333335,618.0,12.553041900042444,172.5,-1.431733547240047,-1.431733547240047,-2.863467094480094,1.0
215,2337.4583333333335,598.25,16.9744653000962,171.75,-1.3879447129853408,-1.3879447129853408,-2.7758894259706817,1.0
216,2501.8333333333335,792.5,12.216233400045894,173.75,-1.6156161161578275,-1.6156161161578275,-3.231232232315655,1.0
217,2622.25,699.5,16.84288740006741,174.25,-1.5812889500050924,-1.5812889500050924,-3.162577900010185,1.0
218,2480.8333333333335,555.75,7.261093299952336,171.25,-1.405390032502708,-1.405390032502708,-2.810780065005416,1.0
219,2451.5833333333335,663.25,9.363671500002965,172.75,-1.4863007102443713,-1.4863007102443713,-2.9726014204887425,1.0
220,2419.7083333333335,600.0,7.95802709995769,171.5,-1.420286760007778,-1.420286760007778,-2.840573520015556,1.0
221,2378.583333333333,639.0,7.04923050000798,173.0,-1.438196933077756,-1.438196933077756,-2.876393866155512,1.0
222,2515.0833333333335,657.75,9.887244099983945,173.0,-1.505414340083895,-1.505414340083895,-3.01082868016779,1.0
223,2440.0833333333335,639.5,6.879867899930105,172.75,-1.4616887055402756,-1.4616887055402756,-2.9233774110805513,1.0
224,2486.375,644.5,8.717576899915002,172.5,-1.4833230315489248,-1.4833230315489248,-2.9666460630978495,1.0
225,2458.375,559.25,8.076555000036024,171.75,-1.3999589086127537,-1.3999589086127537,-2.7999178172255075,1.0
226,2412.333333333333,523.75,6.862302199937403,171.25,-1.3523499643488803,-1.3523499643488803,-2.7046999286977607,1.0
227,2346.833333333333,563.5,9.833717499976046,171.5,-1.3617597762776523,-1.3617597762776523,-2.7235195525553046,1.0
228,2461.3333333333335,740.25,7.015528100077063,174.5,-1.5557692307692301,-1.5557692307692301,-3.1115384615384603,1.0
229,2376.875,520.0,7.890349599998444,170.75,-1.3358468529784884,-1.3358468529784884,-2.6716937059569767,1.0
230,2497.8333333333335,641.75,9.010841200011782,173.5,-1.485269837301256,-1.485269837301256,-2.970539674602512,1.0
231,2375.583333333333,684.25,6.868057399988174,173.5,-1.4757470529951564,-1.4757470529951564,-2.951494105990313,1.0
232,2573.2083333333335,591.5,9.941246300004423,172.0,-1.4705891000175932,-1.4705891000175932,-2.9411782000351865,1.0
233,2636.9583333333335,698.0,7.122434900025837,173.75,-1.5855229833967637,-1.5855229833967637,-3.1710459667935273,1.0
234,2541.541666666667,757.0,7.687880099983886,175.25,-1.6001661018047793,-1.6001661018047793,-3.2003322036095585,1.0
235,2409.583333333333,744.5,9.224549300037324,174.25,-1.539993842079432,-1.539993842079432,-3.079987684158864,1.0
236,2447.2916666666665,665.0,6.861754399957135,172.5,-1.4861869276143373,-1.4861869276143373,-2.9723738552286747,1.0
237,2345.083333333333,549.5,8.878304000012577,171.5,-1.3491376596197824,-1.3491376596197824,-2.6982753192395648,1.0
238,2492.7083333333335,497.25,8.142960400087759,170.25,-1.3598435286273851,-1.3598435286273851,-2.7196870572547702,1.0
239,2390.25,548.0,7.603946600109339,171.0,-1.364794519913696,-1.364794519913696,-2.729589039827392,1.0
240,2649.4583333333335,548.25,9.262558999937028,171.5,-1.4622194210628658,-1.4622194210628658,-2.9244388421257317,1.0
241,2528.625,659.75,7.071771400049329,171.75,-1.512202290005648,-1.512202290005648,-3.024404580011296,1.0
242,2482.3333333333335,666.25,8.723388699931093,173.0,-1.500397023826059,-1.500397023826059,-3.000794047652118,1.0
243,2527.041666666667,716.25,8.441245800000615,174.0,-1.5598990888129558,-1.5598990888129558,-3.1197981776259116,1.0
244,2379.708333333333,953.5,8.90512020001188,177.25,-1.7074222620403543,-1.7074222620403543,-3.4148445240807086,1.0
245,2474.25,819.75,8.090766500099562,175.75,-1.6285621023974213,-1.6285621023974213,-3.2571242047948425,1.0
246,2482.5416666666665,670.5,8.175112699973397,173.0,-1.5041076339694968,-1.5041076339694968,-3.0082152679389935,1.0
247,2233.083333333333,629.25,8.13577329996042,173.25,-1.3752965524904845,-1.3752965524904845,-2.750593104980969,1.0
248,2330.833333333333,535.25,8.656516899936832,171.25,-1.331613977090683,-1.331613977090683,-2.663227954181366,1.0
249,2380.4583333333335,459.75,8.419594900100492,169.5,-1.285694988471261,-1.285694988471261,-2.571389976942522,1.0
250,2286.958333333333,412.0,7.055280199972913,169.0,-1.2098176005407857,-1.2098176005407857,-2.4196352010815714,1.0
251,2190.4583333333335,557.25,9.208120799972676,171.25,-1.2977723838097615,-1.2977723838097615,-2.595544767619523,1.0
252,2143.2083333333335,450.75,7.450190200004727,168.75,-1.1890265160985631,-1.1890265160985631,-2.3780530321971263,1.0
253,2252.0833333333335,516.5,8.423625299939886,170.75,-1.2860546249224467,-1.2860546249224467,-2.5721092498448934,1.0
254,2468.7083333333335,583.0,8.71102669998072,172.0,-1.4241333768554783,-1.4241333768554783,-2.8482667537109565,1.0
255,2167.333333333333,530.75,6.846244700020179,170.75,-1.2664502134437126,-1.2664502134437126,-2.532900426887425,1.0
256,2081.9583333333335,609.25,9.591760199982673,172.25,-1.30152593734663,-1.30152593734663,-2.60305187469326,1.0
257,2192.8333333333335,589.75,7.150103499996476,172.0,-1.3264408608124747,-1.3264408608124747,-2.6528817216249494,1.0
258,2068.0833333333335,403.75,7.082132800016552,168.0,-1.1206813530757191,-1.1206813530757191,-2.2413627061514383,1.0
259,2118.2083333333335,576.25,9.581847700057551,171.5,-1.286915692048411,-1.286915692048411,-2.573831384096822,1.0
260,2130.8333333333335,488.0,6.757168699987233,169.75,-1.216223111185191,-1.216223111185191,-2.432446222370382,1.0
261,2140.8333333333335,395.75,8.677550600026734,168.5,-1.141127269865081,-1.141127269865081,-2.282254539730162,1.0
262,2187.083333333333,512.75,7.633800300071016,170.25,-1.2584724652980337,-1.2584724652980337,-2.5169449305960674,1.0
263,2310.5833333333335,589.25,6.297722800052725,171.25,-1.3701734403792902,-1.3701734403792902,-2.7403468807585805,1.0
264,2457.2916666666665,675.75,9.9310928999912,172.75,-1.4991252743284158,-1.4991252743284158,-2.9982505486568316,1.0
265,2211.958333333333,579.5,6.975482000038028,171.25,-1.3248526497578497,-1.3248526497578497,-2.6497052995156993,1.0
266,2177.0833333333335,532.75,7.506990699912421,170.5,-1.271816169866007,-1.271816169866007,-2.543632339732014,1.0
267,2325.9166666666665,499.25,9.541802800027654,170.0,-1.299000842662814,-1.299000842662814,-2.598001685325628,1.0
268,2149.8333333333335,580.75,6.572159000090323,171.75,-1.3026222092581785,-1.3026222092581785,-2.605244418516357,1.0
269,2121.0833333333335,469.75,9.048656999948435,169.25,-1.1969682658740073,-1.1969682658740073,-2.3939365317480146,1.0
270,2132.0833333333335,518.75,7.892922700033523,169.25,-1.2429739515329978,-1.2429739515329978,-2.4859479030659957,1.0
271,2062.5833333333335,477.0,7.490914299967699,170.25,-1.1812255187932323,-1.1812255187932323,-2.3624510375864647,1.0
272,2241.833333333333,559.5,9.224896500003524,171.5,-1.3189626913353887,-1.3189626913353887,-2.6379253826707774,1.0
273,2191.833333333333,528.5,6.9906917999032885,170.5,-1.2737154022094428,-1.2737154022094428,-2.5474308044188856,1.0
274,2206.333333333333,408.5,8.753912099986337,168.5,-1.1765892528081037,-1.1765892528081037,-2.3531785056162073,1.0
275,2283.083333333333,613.0,8.628881399985403,172.25,-1.380159226231815,-1.380159226231815,-2.76031845246363,1.0
276,2099.0833333333335,462.0,7.936759499949403,169.25,-1.1820936466927796,-1.1820936466927796,-2.364187293385559,1.0
277,2275.9166666666665,528.5,8.442161899991333,171.0,-1.3052492800325948,-1.3052492800325948,-2.6104985600651895,1.0
278,2243.666666666667,484.75,7.786194499931298,170.25,-1.2557613597429411,-1.2557613597429411,-2.5115227194858822,1.0
279,2332.083333333333,438.5,8.358170200022869,169.5,-1.2493904584641309,-1.2493904584641309,-2.4987809169282618,1.0
280,2191.916666666667,602.5,8.328693000017665,171.5,-1.3369945180616902,-1.3369945180616902,-2.6739890361233805,1.0
281,2326.208333333333,538.75,8.662101199966855,170.25,-1.3328709105388405,-1.3328709105388405,-2.665741821077681,1.0
282,2350.5,487.75,7.129139899974689,169.5,-1.2983913011269455,-1.2983913011269455,-2.596782602253891,1.0
283,2212.25,418.0,8.767425499972887,168.5,-1.1869278458390045,-1.1869278458390045,-2.373855691678009,1.0
284,2311.708333333333,456.5,7.7899221000261605,169.75,-1.2571338120769318,-1.2571338120769318,-2.5142676241538635,1.0
285,2451.8333333333335,442.5,7.691179499961436,169.5,-1.297719254382309,-1.297719254382309,-2.595438508764618,1.0
286,2368.2083333333335,503.0,9.102992700063623,169.5,-1.3180666675926693,-1.3180666675926693,-2.6361333351853387,1.0
287,2353.583333333333,374.0,6.999235600000247,167.5,-1.20232542526692,-1.20232542526692,-2.40465085053384,1.0
288,2530.75,459.5,9.245558499940671,169.5,-1.341845385263586,-1.341845385263586,-2.683690770527172,1.0
289,2474.75,452.25,7.9602122999494895,169.75,-1.3146470539211594,-1.3146470539211594,-2.629294107842319,1.0
290,2385.208333333333,471.5,7.196567800012417,169.25,-1.2975191219638667,-1.2975191219638667,-2.5950382439277333,1.0
291,2474.583333333333,536.0,9.65340519999154,171.0,-1.3861657452935887,-1.3861657452935887,-2.7723314905871774,1.0
292,2476.333333333333,509.25,6.516317200032063,170.5,-1.3639588021223985,-1.3639588021223985,-2.727917604244797,1.0
293,2293.833333333333,461.0,7.982781899976544,169.0,-1.254276282282782,-1.254276282282782,-2.508552564565564,1.0
294,2342.833333333333,456.25,8.614946100045927,170.0,-1.2685929846005681,-1.2685929846005681,-2.5371859692011363,1.0
295,2455.7083333333335,461.25,6.296720299986191,169.75,-1.3151981415117922,-1.3151981415117922,-2.6303962830235843,1.0
296,2333.833333333333,434.0,9.448634600033984,169.5,-1.2462006093100346,-1.2462006093100346,-2.4924012186200692,1.0
297,2526.5833333333335,480.75,7.123979000025429,170.5,-1.3584451482067943,-1.3584451482067943,-2.7168902964135886,1.0
298,2478.3333333333335,432.5,7.016080299974419,169.25,-1.2991105740293167,-1.2991105740293167,-2.5982211480586335,1.0
299,2606.8333333333335,420.75,9.78253319999203,169.5,-1.337259354946245,-1.337259354946245,-2.67451870989249,1.0
300,2373.208333333333,496.0,6.856396099901758,170.75,-1.313958917872785,-1.313958917872785,-2.62791783574557,1.0
301,2586.8333333333335,476.25,9.070402499986812,170.0,-1.3771946273300546,-1.3771946273300546,-2.754389254660109,1.0
302,2406.333333333333,400.25,8.027970600058325,169.0,-1.2445442212776983,-1.2445442212776983,-2.4890884425553965,1.0
303,2337.9583333333335,462.5,7.073598199989647,170.0,-1.2721065875860018,-1.2721065875860018,-2.5442131751720036,1.0
304,2341.4583333333335,419.0,9.815307599958032,169.25,-1.23623970979063,-1.23623970979063,-2.47247941958126,1.0
305,2196.0833333333335,308.5,6.955652899923734,167.25,-1.0872750969988236,-1.0872750969988236,-2.1745501939976473,1.0
306,2189.333333333333,373.25,8.745925899944268,168.0,-1.1400855163856243,-1.1400855163856243,-2.2801710327712486,1.0
307,2177.958333333333,362.0,8.573896499932744,168.0,-1.1262041512718648,-1.1262041512718648,-2.2524083025437296,1.0
308,2336.833333333333,509.75,7.848997000022791,170.5,-1.3120692928114375,-1.3120692928114375,-2.624138585622875,1.0
309,2338.583333333333,475.75,8.24191179999616,170.5,-1.283665768443666,-1.283665768443666,-2.567331536887332,1.0
310,2169.5833333333335,340.75,7.843914599972777,168.0,-1.10490087136891,-1.10490087136891,-2.20980174273782,1.0
311,2246.208333333333,317.5,8.3729280999396,167.25,-1.1137658462279258,-1.1137658462279258,-2.2275316924558517,1.0
312,2124.333333333333,308.0,8.51837720000185,167.5,-1.0599392541971087,-1.0599392541971087,-2.1198785083942173,1.0
313,2172.708333333333,345.75,8.200795899960212,167.75,-1.1103463483068028,-1.1103463483068028,-2.2206926966136056,1.0
314,2219.458333333333,501.25,7.643473600037396,170.25,-1.2607850422720408,-1.2607850422720408,-2.5215700845440816,1.0
315,2171.333333333333,601.0,8.473043199977838,171.5,-1.327993073496865,-1.327993073496865,-2.65598614699373,1.0
316,2189.708333333333,501.75,8.236026800004765,170.75,-1.2500552129344107,-1.2500552129344107,-2.5001104258688214,1.0
317,2149.458333333333,520.5,7.934569800039753,171.5,-1.2509858460427252,-1.2509858460427252,-2.5019716920854504,1.0
318,2320.583333333333,574.0,9.04228279995732,171.5,-1.3608895648711459,-1.3608895648711459,-2.7217791297422917,1.0
319,2092.4583333333335,333.5,7.027932199998759,167.5,-1.0697800048152155,-1.0697800048152155,-2.139560009630431,1.0
320,2223.333333333333,306.75,9.302599699934945,166.75,-1.0959989721365664,-1.0959989721365664,-2.1919979442731328,1.0
321,2173.833333333333,312.75,7.654049400007352,167.5,-1.0825631302608547,-1.0825631302608547,-2.1651262605217094,1.0
322,2156.583333333333,453.5,6.975851400056854,169.75,-1.1963929864525742,-1.1963929864525742,-2.3927859729051484,1.0
323,2134.7083333333335,341.75,9.87026270001661,168.0,-1.092676357289033,-1.092676357289033,-2.185352714578066,1.0
324,2381.583333333333,494.0,6.855188799905591,171.0,-1.3153904029039452,-1.3153904029039452,-2.6307808058078903,1.0
325,2191.4583333333335,358.75,8.04222479998134,168.25,-1.1284892954042463,-1.1284892954042463,-2.2569785908084925,1.0
326,2103.4583333333335,446.5,8.742999800015241,169.5,-1.1704865451750603,-1.1704865451750603,-2.3409730903501207,1.0
327,2405.4583333333335,417.25,6.7022866000188515,169.25,-1.2587459834615842,-1.2587459834615842,-2.5174919669231683,1.0
328,2360.7083333333335,467.75,9.743030700017698,170.25,-1.285125728069931,-1.285125728069931,-2.570251456139862,1.0
329,2346.958333333333,446.0,6.750689800013788,169.5,-1.2613793047568773,-1.2613793047568773,-2.5227586095137546,1.0
330,2217.0833333333335,531.75,7.42807270004414,171.25,-1.2859627191154812,-1.2859627191154812,-2.5719254382309624,1.0
331,2455.375,503.5,9.58254760003183,170.5,-1.3511842422053681,-1.3511842422053681,-2.7023684844107363,1.0
332,2206.7083333333335,397.25,6.611906900070608,168.75,-1.1671145049124458,-1.1671145049124458,-2.3342290098248917,1.0
333,2243.3333333333335,331.75,9.465294800000265,167.25,-1.1248671185561756,-1.1248671185561756,-2.249734237112351,1.0
334,2329.8333333333335,460.25,7.874639800051227,168.75,-1.2671363817355146,-1.2671363817355146,-2.534272763471029,1.0
335,2176.9583333333335,428.5,7.463655700092204,169.25,-1.182666726856867,-1.182666726856867,-2.365333453713734,1.0
336,2372.0833333333335,595.75,9.403785399976186,172.0,-1.3987934179700154,-1.3987934179700154,-2.797586835940031,1.0
337,2203.4583333333335,452.0,6.885260400013067,169.0,-1.2126905251363533,-1.2126905251363533,-2.4253810502727067,1.0
338,2361.3333333333335,383.0,8.714277399936691,168.0,-1.2129242251669117,-1.2129242251669117,-2.4258484503338233,1.0
339,2276.5833333333335,299.25,8.53616460005287,167.25,-1.1095591299274934,-1.1095591299274934,-2.219118259854987,1.0
340,2323.8333333333335,399.0,7.714745400007814,169.0,-1.212535766869461,-1.212535766869461,-2.425071533738922,1.0
341,2148.9583333333335,385.0,7.824569599935785,167.75,-1.1349863646044573,-1.1349863646044573,-2.2699727292089147,1.0
342,2207.2083333333335,431.25,7.840964799979702,169.25,-1.1963618495985773,-1.1963618495985773,-2.3927236991971546,1.0
343,2078.8333333333335,387.25,8.478676000027917,168.25,-1.110610374938652,-1.110610374938652,-2.221220749877304,1.0
344,2112.7083333333335,369.75,8.252724599908106,167.5,-1.1083572936633603,-1.1083572936633603,-2.2167145873267207,1.0
345,2080.0833333333335,321.25,8.221740000066347,167.5,-1.0546689075941509,-1.0546689075941509,-2.1093378151883018,1.0
346,2030.0833333333335,495.5,7.344183000037447,169.5,-1.1848489688955557,-1.1848489688955557,-2.3696979377911114,1.0
347,2088.5833333333335,429.75,8.585938500007614,169.25,-1.1505917159763308,-1.1505917159763308,-2.3011834319526616,1.0
348,2099.3333333333335,546.0,8.186525500030257,170.0,-1.2539822763008024,-1.2539822763008024,-2.507964552601605,1.0
349,2099.3333333333335,517.5,7.440550000057556,170.25,-1.2296233019418281,-1.2296233019418281,-2.4592466038836562,1.0
350,2051.5833333333335,364.0,9.188218800001778,168.0,-1.0805189784333875,-1.0805189784333875,-2.161037956866775,1.0
351,2123.4583333333335,474.25,7.132230799994431,169.5,-1.201705118945097,-1.201705118945097,-2.403410237890194,1.0
352,2219.958333333333,524.75,8.731055699987337,170.75,-1.281058027983813,-1.281058027983813,-2.562116055967626,1.0
353,2152.9583333333335,454.75,8.241491200053133,169.0,-1.1961018742302594,-1.1961018742302594,-2.3922037484605188,1.0
354,2068.0833333333335,353.25,6.742310000001453,166.75,-1.0775189599133257,-1.0775189599133257,-2.1550379198266514,1.0
355,2138.5833333333335,424.0,9.883292700047605,169.0,-1.1644287486920204,-1.1644287486920204,-2.328857497384041,1.0
356,2068.0833333333335,368.75,6.902451099944301,167.75,-1.0907668231611891,-1.0907668231611891,-2.1815336463223782,1.0
357,2126.9583333333335,345.25,7.575565499952063,167.5,-1.0927613180728017,-1.0927613180728017,-2.1855226361456035,1.0
358,2222.0833333333335,366.0,8.983074499992654,168.0,-1.1461712087118368,-1.1461712087118368,-2.2923424174236735,1.0
359,2119.2083333333335,388.0,6.547626200015657,168.5,-1.1263932874035794,-1.1263932874035794,-2.2527865748071587,1.0
360,2135.9583333333335,403.0,8.944817000068724,168.5,-1.1454955737052157,-1.1454955737052157,-2.2909911474104314,1.0
361,2088.3333333333335,495.5,7.56145799998194,169.75,-1.206694539359761,-1.206694539359761,-2.413389078719522,1.0
362,2069.0833333333335,424.0,7.072908199974336,169.0,-1.1383640766360157,-1.1383640766360157,-2.2767281532720314,1.0
363,2148.5833333333335,473.25,9.775301899993792,169.5,-1.2102730783120814,-1.2102730783120814,-2.420546156624163,1.0
364,2149.3333333333335,584.0,6.454403699957766,170.75,-1.3052124714096542,-1.3052124714096542,-2.6104249428193085,1.0
365,2273.5833333333335,551.75,8.058033600100316,170.75,-1.3242460019816462,-1.3242460019816462,-2.6484920039632924,1.0
366,2089.0833333333335,401.0,9.29665630008094,168.5,-1.1262065820299836,-1.1262065820299836,-2.252413164059967,1.0
367,2199.0833333333335,403.5,6.827031800057739,168.25,-1.169596771953218,-1.169596771953218,-2.339193543906436,1.0
368,2130.0833333333335,328.0,9.547812000033446,167.5,-1.0791897009936011,-1.0791897009936011,-2.1583794019872022,1.0
369,2167.0833333333335,416.0,7.174453999963589,168.5,-1.1682795325536384,-1.1682795325536384,-2.3365590651072767,1.0
370,2109.5833333333335,374.75,8.217987800017,168.0,-1.111458825272476,-1.111458825272476,-2.222917650544952,1.0
371,2209.4583333333335,506.25,8.734927900019102,170.25,-1.2613082340195012,-1.2613082340195012,-2.5226164680390024,1.0
372,2268.0833333333335,407.25,7.361321299918927,169.0,-1.1986790565880487,-1.1986790565880487,-2.3973581131760975,1.0
373,2205.2083333333335,492.25,8.470943999942392,170.0,-1.2477485392301206,-1.2477485392301206,-2.4954970784602413,1.0
374,2042.3333333333335,378.0,8.094872200046666,168.0,-1.089015751312609,-1.089015751312609,-2.178031502625218,1.0
375,2486.3333333333335,464.25,8.159222799935378,169.25,-1.3292475761869038,-1.3292475761869038,-2.6584951523738076,1.0
376,2606.0833333333335,465.25,8.108664199942723,170.0,-1.3750122695409797,-1.3750122695409797,-2.7500245390819593,1.0
377,2647.9583333333335,583.25,7.967277399962768,171.5,-1.491571404098489,-1.491571404098489,-2.983142808196978,1.0
378,2473.083333333333,446.25,7.6523387000197545,169.0,-1.3088937967052803,-1.3088937967052803,-2.6177875934105606,1.0
379,2548.3333333333335,543.0,8.75974100001622,169.75,-1.4198072061560678,-1.4198072061560678,-2.8396144123121356,1.0
380,2526.0833333333335,497.25,8.604681700002402,170.75,-1.3723601966830563,-1.3723601966830563,-2.7447203933661126,1.0
381,2544.3333333333335,506.0,7.239873299957253,171.0,-1.3866831495217187,-1.3866831495217187,-2.7733662990434373,1.0
382,2489.9583333333335,507.75,9.218476100009866,168.75,-1.367786551657082,-1.367786551657082,-2.735573103314164,1.0
383,2478.0,557.5,7.105512600042857,171.25,-1.4058231704493886,-1.4058231704493886,-2.8116463408987773,1.0
384,2187.8333333333335,374.0,8.289917499991134,167.5,-1.1401639951477434,-1.1401639951477434,-2.2803279902954867,1.0
385,2393.0833333333335,405.25,8.805119500029832,169.0,-1.2438485614541948,-1.2438485614541948,-2.4876971229083895,1.0
386,2344.8333333333335,488.75,6.790487300022505,170.5,-1.2971208248835548,-1.2971208248835548,-2.5942416497671097,1.0
387,2338.75,522.25,9.36065360007342,169.75,-1.3234718633960234,-1.3234718633960234,-2.646943726792047,1.0
388,2472.3333333333335,490.0,7.120027499971911,169.25,-1.3460056856589897,-1.3460056856589897,-2.6920113713179794,1.0
389,2328.8333333333335,480.0,6.83650580001995,169.25,-1.2836416923632519,-1.2836416923632519,-2.5672833847265037,1.0
390,2637.125,579.25,9.717490900075063,171.5,-1.4840897621098048,-1.4840897621098048,-2.9681795242196096,1.0
391,2617.5833333333335,519.5,6.930252599995583,170.5,-1.4256926503134515,-1.4256926503134515,-2.851385300626903,1.0
392,2452.4583333333335,359.0,8.283347899909131,167.75,-1.2265861275476655,-1.2265861275476655,-2.453172255095331,1.0
393,2560.8333333333335,618.0,8.365723200025968,172.0,-1.488597660916187,-1.488597660916187,-2.977195321832374,1.0
394,2562.3333333333335,554.5,6.515737799927592,171.0,-1.434886703521589,-1.434886703521589,-2.869773407043178,1.0
395,2528.9583333333335,472.5,9.811841599992476,170.25,-1.3522845653804478,-1.3522845653804478,-2.7045691307608957,1.0
396,2618.375,691.5,7.047284600092098,173.25,-1.5729980970636435,-1.5729980970636435,-3.145996194127287,1.0
397,2534.3333333333335,584.5,7.74467189994175,170.75,-1.4500268540896921,-1.4500268540896921,-2.9000537081793842,1.0
398,2628.5833333333335,574.5,9.301192600047216,170.25,-1.4768265411006467,-1.4768265411006467,-2.9536530822012934,1.0
399,2565.2083333333335,743.75,6.775654900004156,173.75,-1.597717055124963,-1.597717055124963,-3.195434110249926,1.0
400,2270.9583333333335,603.25,9.285481200087816,170.5,-1.367278638960654,-1.367278638960654,-2.734557277921308,1.0
401,2455.3333333333335,556.0,7.84563530003652,170.25,-1.3960404107749715,-1.3960404107749715,-2.792080821549943,1.0
402,2484.833333333333,654.75,7.53461710002739,171.75,-1.4915055421285102,-1.4915055421285102,-2.9830110842570203,1.0
403,2437.0833333333335,548.5,9.242229799972847,170.0,-1.382785834004685,-1.382785834004685,-2.76557166800937,1.0
404,2447.333333333333,533.5,6.838345699943602,169.5,-1.3738093915233671,-1.3738093915233671,-2.7476187830467342,1.0
405,2437.291666666667,443.5,8.818426299956627,168.25,-1.2931203757720546,-1.2931203757720546,-2.5862407515441093,1.0
406,2534.9166666666665,537.0,8.547818499966525,170.25,-1.4096473317220877,-1.4096473317220877,-2.8192946634441753,1.0
407,2427.041666666667,516.75,8.440993400057778,170.25,-1.3518831430396974,-1.3518831430396974,-2.7037662860793947,1.0
408,2398.291666666667,476.0,7.991316800005734,168.75,-1.3062719346982616,-1.3062719346982616,-2.6125438693965233,1.0
409,2288.0833333333335,424.0,7.820157599984668,168.5,-1.2204959209563755,-1.2204959209563755,-2.440991841912751,1.0
410,2380.7083333333335,480.25,8.031314500025474,169.25,-1.3033101138057799,-1.3033101138057799,-2.6066202276115598,1.0
411,2270.25,397.25,8.290321899927221,168.0,-1.1909446157550163,-1.1909446157550163,-2.3818892315100326,1.0
412,2147.0833333333335,234.0,8.43397739995271,165.25,-1.0052233519459954,-1.0052233519459954,-2.010446703891991,1.0
413,2648.8333333333335,405.5,7.3976959000574425,168.5,-1.339976479521441,-1.339976479521441,-2.679952959042882,1.0
414,2450.583333333333,562.25,8.773155100061558,171.25,-1.3996008926669812,-1.3996008926669812,-2.7992017853339624,1.0
415,2625.375,546.0,7.737024999922141,170.5,-1.4512643414728998,-1.4512643414728998,-2.9025286829457997,1.0
416,2528.166666666667,800.5,7.203162500052713,174.75,-1.6323295459806828,-1.6323295459806828,-3.2646590919613656,1.0
417,2317.083333333333,830.0,9.450693499995396,175.25,-1.5783803742904494,-1.5783803742904494,-3.156760748580899,1.0
418,2389.291666666667,734.0,6.7777335999999195,174.0,-1.5234094739376423,-1.5234094739376423,-3.0468189478752845,1.0
419,2464.208333333333,620.75,8.841222100076266,171.5,-1.4547106934837155,-1.4547106934837155,-2.909421386967431,1.0
420,2429.583333333333,753.25,8.05174500006251,174.0,-1.554973099610152,-1.554973099610152,-3.109946199220304,1.0
421,2467.3333333333335,627.25,6.559589899959974,172.5,-1.4614382217036601,-1.4614382217036601,-2.9228764434073202,1.0
422,2434.4583333333335,554.0,9.895169700030237,171.0,-1.3865022316674533,-1.3865022316674533,-2.7730044633349067,1.0
423,2281.958333333333,542.25,6.97758619999513,171.25,-1.3192672306025495,-1.3192672306025495,-2.638534461205099,1.0
424,2397.791666666667,538.75,7.228917900007218,170.0,-1.3597168977044378,-1.3597168977044378,-2.7194337954088756,1.0
425,2353.458333333333,688.5,9.229802200105041,172.75,-1.4710819651637632,-1.4710819651637632,-2.9421639303275264,1.0
426,2400.7083333333335,558.75,6.744497900013812,170.75,-1.3779047559518844,-1.3779047559518844,-2.755809511903769,1.0
427,2566.7083333333335,681.25,9.085758000030182,173.5,-1.5448607985850669,-1.5448607985850669,-3.0897215971701337,1.0
428,2507.5833333333335,573.75,7.506565599935129,171.75,-1.4308067338944905,-1.4308067338944905,-2.861613467788981,1.0
429,2455.25,507.0,6.873705500038341,170.0,-1.3541288162902458,-1.3541288162902458,-2.7082576325804917,1.0
430,2248.333333333333,402.5,9.91421449999325,168.0,-1.1872123602892828,-1.1872123602892828,-2.3744247205785656,1.0
431,2367.9583333333335,390.0,6.706069300067611,167.75,-1.2213917131983216,-1.2213917131983216,-2.4427834263966433,1.0
432,2327.5833333333335,452.75,8.182753399945796,168.5,-1.2598823050068981,-1.2598823050068981,-2.5197646100137963,1.0
433,2207.7083333333335,382.25,8.805323699954897,168.25,-1.1546690233445376,-1.1546690233445376,-2.309338046689075,1.0
434,2324.958333333333,399.25,7.014825499965809,168.25,-1.213171352242316,-1.213171352242316,-2.426342704484632,1.0
435,2206.8333333333335,397.25,9.616351600037888,168.25,-1.1671613838190216,-1.1671613838190216,-2.334322767638043,1.0
436,2304.083333333333,420.25,7.19398199999705,168.75,-1.2232912927929176,-1.2232912927929176,-2.446582585585835,1.0
437,2243.4583333333335,425.0,8.172599100042135,168.5,-1.2046148521636058,-1.2046148521636058,-2.4092297043272115,1.0
438,2422.25,511.0,8.920642900047824,169.5,-1.3451715883731046,-1.3451715883731046,-2.690343176746209,1.0
439,2257.5833333333335,472.5,6.999934999970719,169.0,-1.2505104592049332,-1.2505104592049332,-2.5010209184098664,1.0
440,2360.7083333333335,407.75,8.85035889991559,168.75,-1.23384367678788,-1.23384367678788,-2.46768735357576,1.0
441,2195.8333333333335,531.0,8.170141100068577,169.75,-1.2773522793566128,-1.2773522793566128,-2.5547045587132255,1.0
442,2215.0833333333335,369.5,8.432608700008132,167.5,-1.1465374429350592,-1.1465374429350592,-2.2930748858701184,1.0
443,2236.0833333333335,382.75,8.091234000050463,168.25,-1.1657378855645373,-1.1657378855645373,-2.3314757711290746,1.0
444,2219.7083333333335,347.75,8.016541499993764,167.75,-1.1296822188886109,-1.1296822188886109,-2.2593644377772217,1.0
445,2152.4583333333335,426.25,7.827966199954972,168.25,-1.171555384244983,-1.171555384244983,-2.343110768489966,1.0
446,2194.8333333333335,435.25,8.57851949997712,168.75,-1.1951396412664013,-1.1951396412664013,-2.3902792825328025,1.0
447,2217.7083333333335,410.75,8.328533000079915,168.5,-1.1827783102295557,-1.1827783102295557,-2.3655566204591114,1.0
448,2123.5833333333335,395.5,7.2985055999597535,167.75,-1.1344443055439803,-1.1344443055439803,-2.2688886110879607,1.0
449,2199.9583333333335,453.0,8.93123799993191,169.0,-1.2122326166069393,-1.2122326166069393,-2.4244652332138785,1.0
450,2262.8333333333335,671.75,7.510973400087096,173.25,-1.4227785185802515,-1.4227785185802515,-2.845557037160503,1.0
451,2218.333333333333,459.25,8.786936899996363,169.75,-1.2244656962154248,-1.2244656962154248,-2.4489313924308496,1.0
452,2185.2083333333335,456.5,8.528709399979562,169.5,-1.2096923586224775,-1.2096923586224775,-2.419384717244955,1.0
453,2460.8333333333335,419.0,6.943429300095886,169.0,-1.2810090655702786,-1.2810090655702786,-2.562018131140557,1.0
454,2318.9583333333335,393.75,10.1158614999149,168.75,-1.2062203100258349,-1.2062203100258349,-2.4124406200516697,1.0
455,2333.708333333333,414.5,6.856669300002977,169.0,-1.2294870637367925,-1.2294870637367925,-2.458974127473585,1.0
456,2551.5833333333335,449.25,7.8325385999633,169.25,-1.3408978525988269,-1.3408978525988269,-2.6817957051976538,1.0
457,2395.0833333333335,488.25,8.986505900043994,170.0,-1.3155387948995743,-1.3155387948995743,-2.6310775897991485,1.0
458,2411.083333333333,378.75,6.554586400045082,168.5,-1.227949551351501,-1.227949551351501,-2.455899102703002,1.0
459,2300.7083333333335,373.75,9.627094199997373,168.0,-1.1822819725717877,-1.1822819725717877,-2.3645639451435754,1.0
460,2430.333333333333,380.25,7.038606300018728,168.5,-1.2364509542461868,-1.2364509542461868,-2.4729019084923736,1.0
461,2354.333333333333,546.25,6.966055300086737,171.5,-1.3498289209285954,-1.3498289209285954,-2.699657841857191,1.0
462,2504.0833333333335,552.5,9.8506342000328,171.75,-1.411331731347982,-1.411331731347982,-2.822663462695964,1.0
463,2275.333333333333,434.5,6.56475290004164,168.75,-1.2246886314600285,-1.2246886314600285,-2.449377262920057,1.0
464,2328.833333333333,501.75,8.580232299980707,169.0,-1.3022314359529954,-1.3022314359529954,-2.604462871905991,1.0
465,2355.9583333333335,480.75,8.126461999956518,169.75,-1.2944554407311715,-1.2944554407311715,-2.588910881462343,1.0
466,2451.125,502.75,6.488496700068936,169.5,-1.3489493337407743,-1.3489493337407743,-2.6978986674815486,1.0
467,2592.0833333333335,461.75,10.056005700025707,169.75,-1.3667703790130656,-1.3667703790130656,-2.7335407580261313,1.0
468,2578.3333333333335,512.0,6.8463167999871075,169.75,-1.404562417238473,-1.404562417238473,-2.809124834476946,1.0
469,2454.7083333333335,446.25,7.976105400011875,168.75,-1.3020025974386749,-1.3020025974386749,-2.6040051948773497,1.0
470,2548.0833333333335,467.75,9.111201400053687,169.0,-1.3553972090266777,-1.3553972090266777,-2.7107944180533554,1.0
471,2550.4583333333335,429.25,6.856218799948692,168.25,-1.32338192534563,-1.32338192534563,-2.64676385069126,1.0
472,2469.8333333333335,486.5,8.655996699933894,170.5,-1.3420766545360256,-1.3420766545360256,-2.6841533090720513,1.0
473,2500.8333333333335,533.0,8.354755599983037,170.25,-1.393446213110351,-1.393446213110351,-2.786892426220702,1.0
474,2578.0,411.0,8.293133799917996,167.5,-1.3181126204961517,-1.3181126204961517,-2.6362252409923035,1.0
475,2235.833333333333,482.25,8.330194000038318,169.75,-1.2506868627941212,-1.2506868627941212,-2.5013737255882424,1.0
476,2469.583333333333,586.75,7.5841132999630645,171.0,-1.4276666574066352,-1.4276666574066352,-2.8553333148132705,1.0
477,2140.8333333333335,459.75,8.10136660002172,169.0,-1.1958281245659357,-1.1958281245659357,-2.3916562491318714,1.0
478,2352.7083333333335,394.0,8.867082000011578,166.5,-1.2190912900149082,-1.2190912900149082,-2.4381825800298165,1.0
479,2154.9583333333335,434.75,8.671675299992785,168.0,-1.179757919641451,-1.179757919641451,-2.359515839282902,1.0
480,2237.4583333333335,439.25,7.304394499980845,169.0,-1.2145441518274667,-1.2145441518274667,-2.4290883036549333,1.0
481,2323.5833333333335,472.75,8.883411299902946,169.25,-1.2754761970904975,-1.2754761970904975,-2.550952394180995,1.0
482,2327.4583333333335,466.5,7.741751599940471,168.25,-1.2715875628524593,-1.2715875628524593,-2.5431751257049187,1.0
483,2189.333333333333,463.0,8.543016699957661,168.0,-1.2167949180950257,-1.2167949180950257,-2.4335898361900514,1.0
484,2360.833333333333,469.25,8.841185199911706,168.25,-1.286454658258558,-1.286454658258558,-2.572909316517116,1.0
485,2249.4583333333335,509.75,7.154743899940513,169.0,-1.2793009371151294,-1.2793009371151294,-2.5586018742302588,1.0
486,2237.083333333333,457.75,9.874430899973959,168.25,-1.2302154809197057,-1.2302154809197057,-2.4604309618394113,1.0
487,2500.125,562.5,7.012023900053464,170.25,-1.4183942411867652,-1.4183942411867652,-2.8367884823735303,1.0
488,2286.9583333333335,496.75,7.719877999974415,169.75,-1.2822534979766829,-1.2822534979766829,-2.5645069959533657,1.0
489,2231.083333333333,413.75,8.70701619994361,168.0,-1.190358455797242,-1.190358455797242,-2.380716911594484,1.0
490,2396.2083333333335,566.5,6.706281000049785,170.75,-1.3828410469390964,-1.3828410469390964,-2.7656820938781927,1.0
491,2220.4583333333335,427.25,9.538931399933062,168.75,-1.1979122102767819,-1.1979122102767819,-2.3958244205535637,1.0
492,2299.458333333333,423.0,7.281029999954626,168.5,-1.2239072006000495,-1.2239072006000495,-2.447814401200099,1.0
493,2275.5833333333335,333.0,6.9430498000001535,167.0,-1.138030252521043,-1.138030252521043,-2.276060505042086,1.0
494,2461.0833333333335,564.5,9.601540100062266,170.0,-1.4054617977424042,-1.4054617977424042,-2.8109235954848084,1.0
495,2280.7083333333335,499.25,6.494994499953464,169.5,-1.2820463047846575,-1.2820463047846575,-2.564092609569315,1.0
496,2414.3333333333335,501.75,8.572600399958901,170.25,-1.3342966080506704,-1.3342966080506704,-2.668593216101341,1.0
497,2536.875,716.0,8.375989199965261,173.5,-1.563373220916557,-1.563373220916557,-3.126746441833114,1.0
498,2507.166666666667,627.25,7.022640599985607,172.25,-1.4763769665990678,-1.4763769665990678,-2.9527539331981356,1.0
499,2318.4583333333335,566.0,9.76895960001275,170.0,-1.3532550166217552,-1.3532550166217552,-2.7065100332435104,1.0
500,2336.0833333333335,404.75,6.850739300018176,167.75,-1.2220444296283945,-1.2220444296283945,-2.444088859256789,1.0
