kind,task,machines,modules,times
0,0,"(0,)","(0,)","(5000,)"
0,1,"(1,)","(4,)","(8000,)"
0,2,"(2,)","(8,)","(4000,)"
0,3,"(3,)","(12,)","(6000,)"
0,4,"(4,)","(16,)","(8000,)"
1,0,"(0,)","(1,)","(7000,)"
1,1,"(1,)","(5,)","(7000,)"
1,2,"(2,)","(9,)","(9000,)"
1,3,"(3,)","(13,)","(5000,)"
1,4,"(4,)","(17,)","(6000,)"
2,0,"(0,)","(2,)","(8000,)"
2,1,"(1,)","(6,)","(5000,)"
2,2,"(2,)","(10,)","(5000,)"
2,3,"(3,)","(14,)","(9000,)"
2,4,"(4,)","(18,)","(4000,)"
3,0,"(0,)","(3,)","(6000,)"
3,1,"(1,)","(7,)","(9000,)"
3,2,"(2,)","(11,)","(7000,)"
3,3,"(3,)","(15,)","(4000,)"
3,4,"(4,)","(19,)","(7000,)"
