episode,makespan_mean,cost_mean
1,2085.7083,2946.5
2,2063.625,2859.75
3,2254.4167,3220.75
4,2048.0417,2859.75
5,2002.2917,2673.25
6,1857.625,2326.5
7,1731.8333,2068.75
8,1725.25,2061.5
9,1319.7917,968.25
10,1290.3333,963.75
11,1239.875,868.5
12,1202.625,659.5
13,1059.6667,453.0
14,1311.25,917.75
15,1181.8333,709.25
16,1116.1667,549.5
17,1138.25,547.25
18,1062.1667,423.25
19,1038.875,357.5
20,1020.2083,326.5
21,1009.0833,310.5
22,951.0833,203.0
23,945.3333,217.75
24,999.25,324.0
25,968.0833,294.5
26,953.1667,248.75
27,993.4167,337.5
28,960.125,277.75
29,963.3333,203.0
30,956.8333,263.5
31,979.0417,234.0
32,956.125,263.5
33,1020.6667,383.0
34,940.3333,217.75
35,958.5833,263.5
36,965.0417,278.25
37,960.25,248.75
38,956.3333,278.75
39,967.6667,248.75
40,944.125,203.0
41,965.0833,203.0
42,963.3333,233.0
43,1042.9167,417.25
44,956.5417,264.75
45,949.9167,278.5
46,952.5417,203.0
47,1041.6667,407.25
48,981.4167,279.0
49,990.8333,280.75
50,935.0417,214.25
51,959.2917,203.0
52,955.5417,203.0
53,961.5417,203.0
54,962.0833,203.0
55,937.375,203.0
56,943.7083,203.0
57,968.0417,278.75
58,949.3333,263.5
59,959.2917,247.25
60,950.0417,247.25
61,961.5,263.5
62,1000.2917,340.25
63,950.875,263.5
64,979.4167,339.25
65,941.3333,232.5
66,960.375,263.5
67,997.25,294.25
68,926.8333,203.0
69,933.5833,248.75
70,946.375,203.0
71,953.7917,247.75
72,938.875,232.5
73,941.5417,294.5
74,940.375,278.25
75,924.625,217.75
76,923.0833,232.5
77,935.0417,294.5
78,944.8333,263.5
79,932.8333,203.0
80,955.5417,294.5
81,935.9167,203.0
82,951.5833,222.0
83,954.5833,248.75
84,976.125,356.25
85,964.25,278.25
86,950.375,248.75
87,948.125,234.0
88,956.8333,264.0
89,939.125,203.0
90,935.625,203.0
91,1036.4167,436.0
92,1012.7917,395.0
93,953.0,257.0
94,939.625,203.0
95,954.375,263.25
96,920.1667,203.0
97,929.4167,203.0
98,934.9167,233.0
99,940.5417,217.75
100,943.7917,263.5
101,952.6667,277.75
102,944.0417,248.75
103,939.6667,257.25
104,928.375,203.0
105,926.0833,203.0
106,921.0,232.5
107,936.875,248.75
108,942.125,307.75
109,942.5833,279.75
110,932.0833,293.0
111,938.2917,279.75
112,932.5417,203.0
113,924.5833,203.0
114,925.125,203.0
115,936.1667,203.0
116,919.125,203.0
117,935.5417,203.0
118,932.5417,203.0
119,934.0417,234.0
120,941.8333,203.0
121,1000.6667,396.0
122,934.5,298.75
123,929.375,203.0
124,946.5417,203.0
125,930.125,203.0
126,948.8333,279.75
127,922.375,203.0
128,925.7917,217.75
129,936.7917,234.0
130,946.75,217.75
131,950.25,296.0
132,962.2917,341.5
133,937.7917,279.75
134,926.375,234.0
135,947.25,340.25
136,955.0417,294.5
137,932.75,293.0
138,934.3333,278.25
139,926.5833,232.5
140,923.1667,203.0
141,943.0417,234.0
142,929.0417,234.0
143,931.5833,232.5
144,941.7917,279.75
145,933.0833,217.75
146,924.5,219.25
147,934.625,294.5
148,971.4583,263.5
149,942.5833,263.5
150,944.0833,265.0
151,940.75,232.5
152,950.875,248.75
153,952.5833,203.0
154,943.7917,234.0
155,944.2917,203.0
156,931.875,203.0
157,929.0417,217.75
158,933.0417,203.0
159,955.0833,263.5
160,935.3333,279.75
161,928.3333,217.75
162,929.5833,278.75
163,1089.5,602.5
164,958.1667,298.0
165,940.25,294.5
166,935.5417,247.75
167,983.4583,326.5
168,932.625,217.75
169,938.5833,233.0
170,935.6667,232.5
171,970.9167,294.5
172,943.125,203.0
173,921.2917,203.0
174,927.625,203.0
175,940.3333,248.75
176,956.3333,248.75
177,952.5833,248.75
178,916.8333,203.0
179,924.1667,222.0
180,936.375,203.0
181,920.625,217.75
182,937.0833,203.0
183,952.5833,248.75
184,931.0417,203.0
185,947.25,325.5
186,930.0833,234.0
187,949.6667,279.75
188,930.3333,217.75
189,922.1667,203.0
190,928.5833,232.5
191,920.0417,203.0
192,921.6667,203.0
193,930.6667,203.0
194,930.5833,234.0
195,929.5833,203.0
196,927.125,203.0
197,964.5833,317.0
198,928.4167,203.0
199,931.5833,248.75
200,935.8333,217.75
201,927.6667,203.0
202,945.5833,203.0
203,976.2917,325.5
204,938.1667,217.75
205,931.5417,247.25
206,948.5417,294.5
207,922.5,203.0
208,929.125,203.0
209,930.0417,203.0
210,933.625,203.0
211,931.5833,234.0
212,940.4167,277.75
213,941.8333,293.0
214,934.3333,278.25
215,947.0417,355.0
216,940.3333,279.75
217,933.875,263.5
218,928.5417,248.75
219,920.0833,203.0
220,934.2917,217.75
221,923.7917,217.75
222,934.3333,217.75
223,940.3333,278.25
224,947.75,294.5
225,932.5417,263.5
226,932.3333,203.0
227,932.125,217.75
228,934.3333,248.75
229,941.75,309.25
230,934.375,247.25
231,939.2917,279.75
232,954.3333,325.5
233,940.3333,248.75
234,923.8333,203.0
235,957.9583,310.5
236,927.6667,203.0
237,934.875,203.0
238,1109.7083,669.5
239,980.3333,356.5
240,1015.1667,451.0
241,951.625,203.0
242,961.5833,203.0
243,963.625,203.0
244,952.5833,203.0
245,955.5417,203.0
246,955.125,203.0
247,958.0833,203.0
248,948.1667,203.0
249,931.5417,234.0
250,948.3333,203.0
251,953.3333,203.0
252,934.0417,217.75
253,938.375,247.25
254,946.2917,203.0
255,942.7917,263.5
256,926.625,217.75
257,947.875,217.75
258,971.125,325.5
259,953.2917,217.75
260,924.0417,217.75
261,937.125,248.75
262,933.8333,232.5
263,923.8333,234.0
264,927.5833,203.0
265,931.5833,203.0
266,933.0833,263.5
267,937.5417,263.5
268,928.1667,217.75
269,939.0833,291.5
270,931.2917,234.0
271,932.7917,217.75
272,939.0833,294.5
273,935.5417,265.0
274,943.0833,293.0
275,936.375,203.0
276,932.375,219.25
277,949.5417,294.5
278,928.5833,248.75
279,934.2917,217.75
280,921.125,203.0
281,924.875,203.0
282,928.125,203.0
283,931.125,203.0
284,920.875,203.0
285,949.0417,309.25
286,930.5833,234.0
287,925.125,217.75
288,927.375,248.75
289,927.875,203.0
290,928.5833,217.75
291,957.375,264.75
292,922.9167,203.0
293,924.9167,203.0
294,946.3333,248.75
295,927.625,203.0
296,930.625,203.0
297,983.375,386.0
298,940.3333,248.75
299,1273.2083,923.5
300,1191.4167,927.75
301,1103.0,714.0
302,1035.25,530.25
303,939.0833,294.5
304,939.2917,263.5
305,949.7917,356.5
306,950.625,248.75
307,955.0833,253.0
308,930.3333,279.75
309,936.7917,263.5
310,942.0417,324.0
311,1133.7083,701.0
312,942.375,203.0
313,957.0417,217.75
314,952.5833,203.0
315,934.125,248.75
316,934.0417,217.75
317,948.75,248.75
318,925.9167,232.5
319,927.125,232.5
320,939.3333,325.5
321,918.2917,217.75
322,947.5417,279.75
323,931.0833,263.5
324,941.7917,294.5
325,939.2917,279.75
326,947.25,325.5
327,943.0417,340.25
328,967.2917,371.25
329,954.7917,338.75
330,931.0833,234.0
331,941.3333,248.75
332,943.7917,309.25
333,939.2917,278.25
334,924.7917,232.5
335,960.2917,340.25
336,952.5417,279.75
337,944.0417,307.75
338,966.6667,325.5
339,944.8333,263.5
340,942.0833,263.5
341,939.5833,248.75
342,943.375,355.0
343,940.2917,279.75
344,936.5833,234.0
345,935.5,248.75
346,928.875,248.75
347,935.5,263.5
348,945.0417,278.25
349,969.875,386.0
350,936.2917,247.25
351,938.0417,294.5
352,948.7917,309.25
353,936.5417,203.0
354,936.8333,232.5
355,956.8333,232.5
356,972.0417,340.25
357,1004.1667,337.75
358,946.3333,248.75
359,939.0417,262.0
360,930.0833,294.5
361,950.0,371.25
362,944.7083,323.5
363,947.4167,263.0
364,932.7917,217.75
365,934.2917,232.5
366,944.5833,279.75
367,943.5417,340.25
368,947.25,310.75
369,947.25,310.75
370,943.2917,340.25
371,947.0417,324.0
372,947.0417,310.75
373,939.2917,248.75
374,947.25,310.75
375,930.5417,263.5
376,933.625,293.0
377,950.0,327.0
378,932.8333,276.75
379,928.3333,217.75
380,933.7917,263.5
381,931.2917,294.5
382,918.9167,203.0
383,934.0833,247.75
384,936.375,203.0
385,945.3333,263.5
386,971.5833,393.25
387,945.2917,340.25
388,925.375,217.75
389,942.7917,325.5
390,947.25,340.25
391,956.25,340.25
392,952.3333,325.5
393,951.75,355.0
394,958.5,340.25
395,952.5,309.25
396,944.5,309.25
397,950.0,356.5
398,949.5417,324.0
399,947.25,340.25
400,947.25,340.25
401,942.5417,325.5
402,950.0,371.25
403,980.0833,371.25
404,945.25,279.75
405,960.2917,325.5
406,953.7917,355.0
407,950.0,386.0
408,947.25,310.75
409,943.5,248.75
410,947.25,340.25
411,924.3333,263.5
412,947.25,340.25
413,930.5833,232.5
414,933.0417,294.5
415,947.7917,355.0
416,938.2917,279.75
417,940.7917,279.75
418,917.375,203.0
419,943.0417,263.5
420,957.5417,325.5
421,945.0417,309.25
422,944.5,294.5
423,938.0417,248.75
424,961.5,355.0
425,940.8333,232.5
426,929.625,217.75
427,933.375,248.75
428,940.2917,310.75
429,932.125,248.75
430,947.25,325.5
431,925.5833,248.75
432,954.125,232.5
433,936.0417,265.0
434,921.625,232.5
435,967.0417,307.0
436,946.8333,282.5
437,943.5417,325.5
438,947.25,296.0
439,957.0833,340.25
440,937.0,248.75
441,939.5417,309.25
442,931.5833,294.5
443,947.25,340.25
444,949.7917,356.5
445,951.75,355.0
446,944.2917,278.25
447,945.5417,294.5
448,954.5,356.5
449,920.3333,217.75
450,941.875,203.0
451,929.3333,203.0
452,934.8333,248.75
453,936.0417,248.75
454,941.625,248.75
455,939.5417,294.5
456,949.25,265.0
457,941.75,234.0
458,941.75,248.75
459,943.75,248.75
460,949.7917,248.75
461,937.5417,248.75
462,934.125,203.0
463,938.2917,217.75
464,934.0833,279.75
465,942.0417,296.0
466,934.0417,234.0
467,943.2917,278.25
468,950.0,327.0
469,928.0833,248.75
470,952.0,310.75
471,936.25,248.75
472,939.2917,279.75
473,944.5,279.75
474,944.5,279.75
475,959.75,203.0
476,930.5833,234.0
477,932.125,203.0
478,941.0833,203.0
479,939.0833,203.0
480,934.3333,217.75
481,932.0417,234.0
482,950.0,327.0
483,942.5417,203.0
484,937.8333,265.0
485,939.2917,294.5
486,950.0,341.75
487,945.8333,248.75
488,941.0833,279.75
489,920.4167,203.0
490,934.5833,294.5
491,931.2917,232.5
492,950.0,341.75
493,941.75,309.25
494,943.9583,278.25
495,935.5,263.5
496,944.5,294.5
497,933.5417,278.25
498,943.2917,279.75
499,944.5,279.75
500,937.8333,309.25
