episode,worker_id,makespan,cost,reward,done
1,0,2463.6667,3786.0,-26.836933,True
1,1,1750.3333,2123.0,-15.456363,True
1,2,1916.8333,2550.0,-18.360086,True
1,3,2212.0,3327.0,-23.635282,True
2,0,2014.3333,2836.0,-20.289477,True
2,1,2172.8333,3001.0,-21.51557,True
2,2,1747.6667,2155.0,-15.657238,True
2,3,2319.6667,3447.0,-24.518582,True
3,0,1996.0,2567.0,-18.555843,True
3,1,2531.3333,3823.0,-27.147372,True
3,2,2220.0,3102.0,-22.211,True
3,3,2270.3333,3391.0,-24.107382,True
4,0,2008.5,2707.0,-19.461375,True
4,1,2205.5,3286.0,-23.366953,True
4,2,2136.1667,3119.0,-22.226647,True
4,3,1842.0,2327.0,-16.857015,True
5,0,1785.1667,2182.0,-15.870649,True
5,1,1804.3333,2109.0,-15.42686,True
5,2,1975.6667,2511.0,-18.176688,True
5,3,2444.0,3891.0,-27.483992,True
6,0,1967.6667,2469.0,-17.900332,True
6,1,1700.0,2035.0,-14.840236,True
6,2,1805.5,2211.0,-16.07783,True
6,3,1957.3333,2591.0,-18.665984,True
7,0,1817.6667,2246.0,-16.314204,True
7,1,1551.5,1650.0,-12.223919,True
7,2,1545.1667,1623.0,-12.044946,True
7,3,2013.0,2756.0,-19.77845,True
8,0,1573.8333,1653.0,-12.267705,True
8,1,1605.5,1751.0,-12.926899,True
8,2,1693.6667,1971.0,-14.425595,True
8,3,2028.0,2871.0,-20.527508,True
9,0,1191.3333,691.0,-5.717664,True
9,1,1354.0,829.0,-6.776387,True
9,2,1344.1667,1071.0,-8.306923,True
9,3,1389.6667,1282.0,-9.701148,True
10,0,1153.1667,723.0,-5.879313,True
10,1,1289.5,692.0,-5.832505,True
10,2,1345.0,1179.0,-8.995742,True
10,3,1373.6667,1261.0,-9.549711,True
11,0,1297.8333,906.0,-7.204771,True
11,1,1112.5,615.0,-5.146479,True
11,2,1469.3333,1370.0,-10.349687,True
11,3,1079.8333,583.0,-4.906562,True
12,0,1159.0,642.0,-5.369835,True
12,1,1140.0,450.0,-4.125911,True
12,2,1239.5,696.0,-5.802734,True
12,3,1272.0,850.0,-6.819538,True
13,0,1003.0,386.0,-3.566886,True
13,1,1081.1667,450.0,-4.060901,True
13,2,1055.0,526.0,-4.516064,True
13,3,1099.5,450.0,-4.081159,True
14,0,1504.3333,1280.0,-9.815113,True
14,1,1086.0,526.0,-4.550318,True
14,2,1308.3333,895.0,-7.146309,True
14,3,1346.3333,970.0,-7.666005,True
15,0,1148.0,634.0,-5.306725,True
15,1,1111.1667,556.0,-4.76921,True
15,2,1270.5,1027.0,-7.945269,True
15,3,1197.6667,620.0,-5.272433,True
16,0,1068.1667,526.0,-4.530613,True
16,1,1087.1667,526.0,-4.551608,True
16,2,1228.3333,696.0,-5.790395,True
16,3,1081.0,450.0,-4.060717,True
17,0,1126.3333,467.0,-4.21909,True
17,1,1128.3333,507.0,-4.476077,True
17,2,1217.3333,765.0,-6.217731,True
17,3,1081.0,450.0,-4.060717,True
18,0,1143.0,590.0,-5.020945,True
18,1,1062.5,450.0,-4.040275,True
18,2,1088.0,450.0,-4.068452,True
18,3,955.1667,203.0,-2.348426,True
19,0,1097.0,450.0,-4.078397,True
19,1,971.0,327.0,-3.155731,True
19,2,956.1667,203.0,-2.349531,True
19,3,1131.3333,450.0,-4.116334,True
20,0,1078.0,450.0,-4.057402,True
20,1,1077.8333,450.0,-4.057218,True
20,2,953.0,203.0,-2.346032,True
20,3,972.0,203.0,-2.367027,True
21,0,946.1667,203.0,-2.338482,True
21,1,1059.1667,386.0,-3.628949,True
21,2,942.0,203.0,-2.333878,True
21,3,1089.0,450.0,-4.069557,True
22,0,949.1667,203.0,-2.341797,True
22,1,965.0,203.0,-2.359292,True
22,2,951.0,203.0,-2.343822,True
22,3,939.1667,203.0,-2.330747,True
23,0,935.0,203.0,-2.326143,True
23,1,953.0,262.0,-2.721828,True
23,2,938.1667,203.0,-2.329642,True
23,3,955.1667,203.0,-2.348426,True
24,0,958.0,203.0,-2.351557,True
24,1,1027.0,386.0,-3.593405,True
24,2,989.0,321.0,-3.137404,True
24,3,1023.0,386.0,-3.588985,True
25,0,941.1667,203.0,-2.332957,True
25,1,958.0,203.0,-2.351557,True
25,2,996.0,386.0,-3.559151,True
25,3,977.1667,386.0,-3.538341,True
26,0,927.1667,203.0,-2.317487,True
26,1,940.1667,203.0,-2.331852,True
26,2,923.1667,203.0,-2.313067,True
26,3,1022.1667,386.0,-3.588065,True
27,0,973.0,321.0,-3.119724,True
27,1,956.1667,262.0,-2.725328,True
27,2,1060.5,385.0,-3.624053,True
27,3,984.0,382.0,-3.520414,True
28,0,931.1667,203.0,-2.321907,True
28,1,935.0,262.0,-2.701939,True
28,2,944.0,203.0,-2.336088,True
28,3,1030.3333,443.0,-3.960146,True
29,0,974.0,203.0,-2.369237,True
29,1,968.1667,203.0,-2.362791,True
29,2,969.1667,203.0,-2.363896,True
29,3,942.0,203.0,-2.333878,True
30,0,992.0,327.0,-3.178935,True
30,1,950.1667,203.0,-2.342902,True
30,2,960.0,321.0,-3.105359,True
30,3,925.1667,203.0,-2.315277,True
31,0,972.1667,327.0,-3.15702,True
31,1,965.0,203.0,-2.359292,True
31,2,1007.0,203.0,-2.405701,True
31,3,972.0,203.0,-2.367027,True
32,0,973.1667,386.0,-3.533921,True
32,1,970.1667,203.0,-2.365001,True
32,2,935.1667,203.0,-2.326327,True
32,3,946.0,262.0,-2.714094,True
33,0,1039.0,443.0,-3.969722,True
33,1,1044.3333,443.0,-3.975616,True
33,2,965.0,203.0,-2.359292,True
33,3,1034.3333,443.0,-3.964566,True
34,0,952.0,262.0,-2.720724,True
34,1,943.1667,203.0,-2.335167,True
34,2,935.0,203.0,-2.326143,True
34,3,931.1667,203.0,-2.321907,True
35,0,967.1667,386.0,-3.527291,True
35,1,946.0,262.0,-2.714094,True
35,2,956.1667,203.0,-2.349531,True
35,3,965.0,203.0,-2.359292,True
36,0,935.0,203.0,-2.326143,True
36,1,1026.1667,386.0,-3.592485,True
36,2,953.0,262.0,-2.721828,True
36,3,946.0,262.0,-2.714094,True
37,0,958.0,203.0,-2.351557,True
37,1,959.1667,203.0,-2.352846,True
37,2,1003.0,386.0,-3.566886,True
37,3,920.8333,203.0,-2.310489,True
38,0,935.1667,203.0,-2.326327,True
38,1,964.0,386.0,-3.523792,True
38,2,991.1667,323.0,-3.152537,True
38,3,935.0,203.0,-2.326143,True
39,0,944.1667,203.0,-2.336272,True
39,1,1016.1667,386.0,-3.581435,True
39,2,956.1667,203.0,-2.349531,True
39,3,954.1667,203.0,-2.347321,True
40,0,965.0,203.0,-2.359292,True
40,1,938.1667,203.0,-2.329642,True
40,2,938.1667,203.0,-2.329642,True
40,3,935.1667,203.0,-2.326327,True
41,0,965.0,203.0,-2.359292,True
41,1,971.1667,203.0,-2.366106,True
41,2,966.1667,203.0,-2.360581,True
41,3,958.0,203.0,-2.351557,True
42,0,989.0,323.0,-3.150143,True
42,1,945.1667,203.0,-2.337377,True
42,2,972.0,203.0,-2.367027,True
42,3,947.1667,203.0,-2.339587,True
43,0,1041.1667,450.0,-4.016702,True
43,1,1008.5,326.0,-3.190798,True
43,2,1025.0,443.0,-3.954253,True
43,3,1097.0,450.0,-4.078397,True
44,0,943.1667,203.0,-2.335167,True
44,1,935.0,203.0,-2.326143,True
44,2,925.1667,203.0,-2.315277,True
44,3,1022.8333,450.0,-3.996445,True
45,0,926.1667,262.0,-2.692178,True
45,1,939.0,262.0,-2.706359,True
45,2,1006.5,387.0,-3.577123,True
45,3,928.0,203.0,-2.318408,True
46,0,958.0,203.0,-2.351557,True
46,1,945.1667,203.0,-2.337377,True
46,2,935.0,203.0,-2.326143,True
46,3,972.0,203.0,-2.367027,True
47,0,965.0,203.0,-2.359292,True
47,1,1031.1667,450.0,-4.005653,True
47,2,1086.5,526.0,-4.550871,True
47,3,1084.0,450.0,-4.064032,True
48,0,1039.5,507.0,-4.377918,True
48,1,946.0,203.0,-2.338297,True
48,2,965.0,203.0,-2.359292,True
48,3,975.1667,203.0,-2.370526,True
49,0,950.1667,203.0,-2.342902,True
49,1,1055.0,450.0,-4.031988,True
49,2,965.0,203.0,-2.359292,True
49,3,993.1667,267.0,-2.798059,True
50,0,942.1667,203.0,-2.334062,True
50,1,987.1667,279.0,-2.867862,True
50,2,895.0,157.0,-1.98895,True
50,3,915.8333,218.0,-2.400506,True
51,0,958.0,203.0,-2.351557,True
51,1,965.0,203.0,-2.359292,True
51,2,963.1667,203.0,-2.357266,True
51,3,951.0,203.0,-2.343822,True
52,0,939.1667,203.0,-2.330747,True
52,1,946.0,203.0,-2.338297,True
52,2,965.0,203.0,-2.359292,True
52,3,972.0,203.0,-2.367027,True
53,0,958.1667,203.0,-2.351741,True
53,1,965.0,203.0,-2.359292,True
53,2,965.0,203.0,-2.359292,True
53,3,958.0,203.0,-2.351557,True
54,0,965.0,203.0,-2.359292,True
54,1,978.1667,203.0,-2.373841,True
54,2,965.0,203.0,-2.359292,True
54,3,940.1667,203.0,-2.331852,True
55,0,920.1667,203.0,-2.309752,True
55,1,912.1667,203.0,-2.300913,True
55,2,945.1667,203.0,-2.337377,True
55,3,972.0,203.0,-2.367027,True
56,0,972.0,203.0,-2.367027,True
56,1,909.8333,203.0,-2.298334,True
56,2,942.0,203.0,-2.333878,True
56,3,951.0,203.0,-2.343822,True
57,0,994.0,323.0,-3.155667,True
57,1,946.0,262.0,-2.714094,True
57,2,958.0,203.0,-2.351557,True
57,3,974.1667,327.0,-3.15923,True
58,0,947.1667,203.0,-2.339587,True
58,1,946.0,262.0,-2.714094,True
58,2,964.0,386.0,-3.523792,True
58,3,940.1667,203.0,-2.331852,True
59,0,953.0,262.0,-2.721828,True
59,1,944.1667,203.0,-2.336272,True
59,2,951.0,203.0,-2.343822,True
59,3,989.0,321.0,-3.137404,True
60,0,946.0,262.0,-2.714094,True
60,1,962.1667,262.0,-2.731957,True
60,2,946.0,203.0,-2.338297,True
60,3,946.0,262.0,-2.714094,True
61,0,946.0,203.0,-2.338297,True
61,1,935.0,262.0,-2.701939,True
61,2,1014.0,386.0,-3.579041,True
61,3,951.0,203.0,-2.343822,True
62,0,1035.0,386.0,-3.602245,True
62,1,997.1667,386.0,-3.56044,True
62,2,1011.0,386.0,-3.575726,True
62,3,958.0,203.0,-2.351557,True
63,0,990.1667,386.0,-3.552706,True
63,1,946.0,262.0,-2.714094,True
63,2,921.1667,203.0,-2.310857,True
63,3,946.1667,203.0,-2.338482,True
64,0,1015.1667,386.0,-3.58033,True
64,1,970.1667,323.0,-3.129332,True
64,2,970.1667,386.0,-3.530606,True
64,3,962.1667,262.0,-2.731957,True
65,0,954.1667,262.0,-2.723118,True
65,1,935.0,203.0,-2.326143,True
65,2,939.0,262.0,-2.706359,True
65,3,937.1667,203.0,-2.328537,True
66,0,952.1667,262.0,-2.720908,True
66,1,946.0,203.0,-2.338297,True
66,2,944.1667,203.0,-2.336272,True
66,3,999.1667,386.0,-3.56265,True
67,0,955.1667,321.0,-3.100019,True
67,1,1012.1667,203.0,-2.41141,True
67,2,976.1667,203.0,-2.371631,True
67,3,1045.5,450.0,-4.021491,True
68,0,909.1667,203.0,-2.297598,True
68,1,928.1667,203.0,-2.318592,True
68,2,915.8333,203.0,-2.304964,True
68,3,954.1667,203.0,-2.347321,True
69,0,928.0,203.0,-2.318408,True
69,1,946.0,262.0,-2.714094,True
69,2,951.1667,327.0,-3.133815,True
69,3,909.1667,203.0,-2.297598,True
70,0,934.1667,203.0,-2.325222,True
70,1,952.1667,203.0,-2.345111,True
70,2,923.0,203.0,-2.312883,True
70,3,976.1667,203.0,-2.371631,True
71,0,936.1667,203.0,-2.327432,True
71,1,951.0,203.0,-2.343822,True
71,2,989.0,323.0,-3.150143,True
71,3,939.0,262.0,-2.706359,True
72,0,939.1667,321.0,-3.082339,True
72,1,926.1667,203.0,-2.316382,True
72,2,965.0,203.0,-2.359292,True
72,3,925.1667,203.0,-2.315277,True
73,0,914.0,203.0,-2.302938,True
73,1,953.0,203.0,-2.346032,True
73,2,950.0,386.0,-3.508322,True
73,3,949.1667,386.0,-3.507402,True
74,0,957.0,386.0,-3.516057,True
74,1,932.1667,321.0,-3.074604,True
74,2,943.1667,203.0,-2.335167,True
74,3,929.1667,203.0,-2.319697,True
75,0,923.1667,203.0,-2.313067,True
75,1,920.1667,203.0,-2.309752,True
75,2,916.1667,203.0,-2.305332,True
75,3,939.0,262.0,-2.706359,True
76,0,904.1667,203.0,-2.292073,True
76,1,939.0,262.0,-2.706359,True
76,2,924.1667,203.0,-2.314172,True
76,3,925.0,262.0,-2.690889,True
77,0,922.8333,203.0,-2.312699,True
77,1,950.0,386.0,-3.508322,True
77,2,918.1667,203.0,-2.307542,True
77,3,949.1667,386.0,-3.507402,True
78,0,914.1667,203.0,-2.303123,True
78,1,939.0,262.0,-2.706359,True
78,2,951.0,203.0,-2.343822,True
78,3,975.1667,386.0,-3.536131,True
79,0,944.0,203.0,-2.336088,True
79,1,936.1667,203.0,-2.327432,True
79,2,937.1667,203.0,-2.328537,True
79,3,914.0,203.0,-2.302938,True
80,0,928.0,203.0,-2.318408,True
80,1,1007.0,386.0,-3.571306,True
80,2,964.0,386.0,-3.523792,True
80,3,923.1667,203.0,-2.313067,True
81,0,948.1667,203.0,-2.340692,True
81,1,945.1667,203.0,-2.337377,True
81,2,934.1667,203.0,-2.325222,True
81,3,916.1667,203.0,-2.305332,True
82,0,957.1667,279.0,-2.834713,True
82,1,951.0,203.0,-2.343822,True
82,2,944.0,203.0,-2.336088,True
82,3,954.1667,203.0,-2.347321,True
83,0,1011.0,386.0,-3.575726,True
83,1,923.1667,203.0,-2.313067,True
83,2,933.1667,203.0,-2.324117,True
83,3,951.0,203.0,-2.343822,True
84,0,1000.5,450.0,-3.971767,True
84,1,1019.0,386.0,-3.584566,True
84,2,946.0,327.0,-3.128106,True
84,3,939.0,262.0,-2.706359,True
85,0,937.1667,203.0,-2.328537,True
85,1,947.8333,321.0,-3.091916,True
85,2,1003.0,386.0,-3.566886,True
85,3,969.0,203.0,-2.363712,True
86,0,944.1667,203.0,-2.336272,True
86,1,942.1667,203.0,-2.334062,True
86,2,964.1667,386.0,-3.523976,True
86,3,951.0,203.0,-2.343822,True
87,0,931.1667,203.0,-2.321907,True
87,1,932.1667,203.0,-2.323012,True
87,2,951.0,203.0,-2.343822,True
87,3,978.1667,327.0,-3.16365,True
88,0,957.1667,327.0,-3.140445,True
88,1,937.1667,203.0,-2.328537,True
88,2,982.0,323.0,-3.142408,True
88,3,951.0,203.0,-2.343822,True
89,0,949.0,203.0,-2.341612,True
89,1,941.1667,203.0,-2.332957,True
89,2,924.1667,203.0,-2.314172,True
89,3,942.1667,203.0,-2.334062,True
90,0,915.1667,203.0,-2.304228,True
90,1,950.1667,203.0,-2.342902,True
90,2,935.0,203.0,-2.326143,True
90,3,942.1667,203.0,-2.334062,True
91,0,1083.3333,539.0,-4.630174,True
91,1,1161.1667,799.0,-6.372229,True
91,2,943.1667,203.0,-2.335167,True
91,3,958.0,203.0,-2.351557,True
92,0,1062.6667,539.0,-4.607338,True
92,1,953.1667,203.0,-2.346216,True
92,2,999.1667,419.0,-3.772841,True
92,3,1036.1667,419.0,-3.813725,True
93,0,919.1667,203.0,-2.308647,True
93,1,1010.5,419.0,-3.785364,True
93,2,927.1667,203.0,-2.317487,True
93,3,955.1667,203.0,-2.348426,True
94,0,917.1667,203.0,-2.306437,True
94,1,965.0,203.0,-2.359292,True
94,2,933.1667,203.0,-2.324117,True
94,3,943.1667,203.0,-2.335167,True
95,0,954.1667,321.0,-3.098914,True
95,1,951.0,203.0,-2.343822,True
95,2,992.1667,326.0,-3.17275,True
95,3,920.1667,203.0,-2.309752,True
96,0,911.1667,203.0,-2.299808,True
96,1,918.1667,203.0,-2.307542,True
96,2,927.1667,203.0,-2.317487,True
96,3,924.1667,203.0,-2.314172,True
97,0,932.1667,203.0,-2.323012,True
97,1,921.1667,203.0,-2.310857,True
97,2,916.1667,203.0,-2.305332,True
97,3,948.1667,203.0,-2.340692,True
98,0,911.1667,203.0,-2.299808,True
98,1,915.1667,203.0,-2.304228,True
98,2,935.1667,203.0,-2.326327,True
98,3,978.1667,323.0,-3.138172,True
99,0,958.0,203.0,-2.351557,True
99,1,939.0,203.0,-2.330563,True
99,2,926.1667,203.0,-2.316382,True
99,3,939.0,262.0,-2.706359,True
100,0,939.0,203.0,-2.330563,True
100,1,947.1667,203.0,-2.339587,True
100,2,939.0,262.0,-2.706359,True
100,3,950.0,386.0,-3.508322,True
101,0,946.0,262.0,-2.714094,True
101,1,1010.3333,443.0,-3.938046,True
101,2,924.1667,203.0,-2.314172,True
101,3,930.1667,203.0,-2.320802,True
102,0,950.0,386.0,-3.508322,True
102,1,922.1667,203.0,-2.311962,True
102,2,958.0,203.0,-2.351557,True
102,3,946.0,203.0,-2.338297,True
103,0,964.1667,344.0,-3.25646,True
103,1,967.1667,279.0,-2.845763,True
103,2,909.1667,203.0,-2.297598,True
103,3,918.1667,203.0,-2.307542,True
104,0,935.0,203.0,-2.326143,True
104,1,906.1667,203.0,-2.294283,True
104,2,949.1667,203.0,-2.341797,True
104,3,923.1667,203.0,-2.313067,True
105,0,925.1667,203.0,-2.315277,True
105,1,951.0,203.0,-2.343822,True
105,2,914.0,203.0,-2.302938,True
105,3,914.1667,203.0,-2.303123,True
106,0,915.8333,203.0,-2.304964,True
106,1,925.0,262.0,-2.690889,True
106,2,904.1667,203.0,-2.292073,True
106,3,939.0,262.0,-2.706359,True
107,0,939.0,203.0,-2.330563,True
107,1,923.1667,203.0,-2.313067,True
107,2,925.1667,203.0,-2.315277,True
107,3,960.1667,386.0,-3.519556,True
108,0,929.1667,262.0,-2.695493,True
108,1,942.1667,321.0,-3.085654,True
108,2,929.1667,262.0,-2.695493,True
108,3,968.0,386.0,-3.528212,True
109,0,939.0,203.0,-2.330563,True
109,1,960.1667,386.0,-3.519556,True
109,2,921.1667,203.0,-2.310857,True
109,3,950.0,327.0,-3.132526,True
110,0,950.0,386.0,-3.508322,True
110,1,932.1667,321.0,-3.074604,True
110,2,921.1667,203.0,-2.310857,True
110,3,925.0,262.0,-2.690889,True
111,0,950.0,327.0,-3.132526,True
111,1,932.1667,203.0,-2.323012,True
111,2,968.0,386.0,-3.528212,True
111,3,903.0,203.0,-2.290784,True
112,0,924.1667,203.0,-2.314172,True
112,1,946.0,203.0,-2.338297,True
112,2,946.0,203.0,-2.338297,True
112,3,914.0,203.0,-2.302938,True
113,0,914.0,203.0,-2.302938,True
113,1,946.0,203.0,-2.338297,True
113,2,919.1667,203.0,-2.308647,True
113,3,919.1667,203.0,-2.308647,True
114,0,924.1667,203.0,-2.314172,True
114,1,919.1667,203.0,-2.308647,True
114,2,922.1667,203.0,-2.311962,True
114,3,935.0,203.0,-2.326143,True
115,0,942.1667,203.0,-2.334062,True
115,1,920.1667,203.0,-2.309752,True
115,2,940.1667,203.0,-2.331852,True
115,3,942.1667,203.0,-2.334062,True
116,0,922.1667,203.0,-2.311962,True
116,1,913.1667,203.0,-2.302018,True
116,2,928.0,203.0,-2.318408,True
116,3,913.1667,203.0,-2.302018,True
117,0,946.0,203.0,-2.338297,True
117,1,939.0,203.0,-2.330563,True
117,2,922.1667,203.0,-2.311962,True
117,3,935.0,203.0,-2.326143,True
118,0,946.0,203.0,-2.338297,True
118,1,921.1667,203.0,-2.310857,True
118,2,935.0,203.0,-2.326143,True
118,3,928.0,203.0,-2.318408,True
119,0,950.0,327.0,-3.132526,True
119,1,928.0,203.0,-2.318408,True
119,2,912.1667,203.0,-2.300913,True
119,3,946.0,203.0,-2.338297,True
120,0,945.1667,203.0,-2.337377,True
120,1,951.0,203.0,-2.343822,True
120,2,913.1667,203.0,-2.302018,True
120,3,958.0,203.0,-2.351557,True
121,0,966.1667,323.0,-3.124912,True
121,1,1048.5,615.0,-5.075761,True
121,2,1030.0,443.0,-3.959778,True
121,3,958.0,203.0,-2.351557,True
122,0,957.0,386.0,-3.516057,True
122,1,903.0,203.0,-2.290784,True
122,2,928.0,203.0,-2.318408,True
122,3,950.0,403.0,-3.616603,True
123,0,921.1667,203.0,-2.310857,True
123,1,928.0,203.0,-2.318408,True
123,2,918.1667,203.0,-2.307542,True
123,3,950.1667,203.0,-2.342902,True
124,0,973.1667,203.0,-2.368316,True
124,1,946.0,203.0,-2.338297,True
124,2,928.0,203.0,-2.318408,True
124,3,939.0,203.0,-2.330563,True
125,0,927.1667,203.0,-2.317487,True
125,1,939.0,203.0,-2.330563,True
125,2,940.1667,203.0,-2.331852,True
125,3,914.1667,203.0,-2.303123,True
126,0,950.0,327.0,-3.132526,True
126,1,945.1667,203.0,-2.337377,True
126,2,972.1667,386.0,-3.532816,True
126,3,928.0,203.0,-2.318408,True
127,0,916.1667,203.0,-2.305332,True
127,1,922.1667,203.0,-2.311962,True
127,2,923.1667,203.0,-2.313067,True
127,3,928.0,203.0,-2.318408,True
128,0,912.8333,203.0,-2.301649,True
128,1,932.1667,203.0,-2.323012,True
128,2,919.1667,203.0,-2.308647,True
128,3,939.0,262.0,-2.706359,True
129,0,923.1667,203.0,-2.313067,True
129,1,928.0,203.0,-2.318408,True
129,2,950.0,327.0,-3.132526,True
129,3,946.0,203.0,-2.338297,True
130,0,951.0,203.0,-2.343822,True
130,1,939.0,203.0,-2.330563,True
130,2,939.0,262.0,-2.706359,True
130,3,958.0,203.0,-2.351557,True
131,0,950.0,386.0,-3.508322,True
131,1,951.0,203.0,-2.343822,True
131,2,950.0,268.0,-2.75673,True
131,3,950.0,327.0,-3.132526,True
132,0,932.1667,262.0,-2.698808,True
132,1,950.0,327.0,-3.132526,True
132,2,950.0,327.0,-3.132526,True
132,3,1017.0,450.0,-3.989999,True
133,0,944.8333,386.0,-3.502613,True
133,1,949.1667,327.0,-3.131605,True
133,2,928.0,203.0,-2.318408,True
133,3,929.1667,203.0,-2.319697,True
134,0,921.1667,203.0,-2.310857,True
134,1,918.1667,203.0,-2.307542,True
134,2,916.1667,203.0,-2.305332,True
134,3,950.0,327.0,-3.132526,True
135,0,950.0,386.0,-3.508322,True
135,1,950.0,327.0,-3.132526,True
135,2,939.0,262.0,-2.706359,True
135,3,950.0,386.0,-3.508322,True
136,0,946.0,203.0,-2.338297,True
136,1,950.0,327.0,-3.132526,True
136,2,957.0,386.0,-3.516057,True
136,3,967.1667,262.0,-2.737482,True
137,0,929.1667,262.0,-2.695493,True
137,1,938.8333,327.0,-3.120187,True
137,2,923.8333,262.0,-2.6896,True
137,3,939.1667,321.0,-3.082339,True
138,0,939.1667,321.0,-3.082339,True
138,1,913.1667,203.0,-2.302018,True
138,2,957.0,386.0,-3.516057,True
138,3,928.0,203.0,-2.318408,True
139,0,940.1667,203.0,-2.331852,True
139,1,925.0,321.0,-3.066685,True
139,2,913.1667,203.0,-2.302018,True
139,3,928.0,203.0,-2.318408,True
140,0,940.1667,203.0,-2.331852,True
140,1,910.1667,203.0,-2.298703,True
140,2,920.1667,203.0,-2.309752,True
140,3,922.1667,203.0,-2.311962,True
141,0,958.0,203.0,-2.351557,True
141,1,946.0,203.0,-2.338297,True
141,2,918.1667,203.0,-2.307542,True
141,3,950.0,327.0,-3.132526,True
142,0,914.0,203.0,-2.302938,True
142,1,939.0,203.0,-2.330563,True
142,2,950.0,327.0,-3.132526,True
142,3,913.1667,203.0,-2.302018,True
143,0,920.1667,203.0,-2.309752,True
143,1,939.0,203.0,-2.330563,True
143,2,939.1667,321.0,-3.082339,True
143,3,928.0,203.0,-2.318408,True
144,0,950.0,386.0,-3.508322,True
144,1,950.0,327.0,-3.132526,True
144,2,928.1667,203.0,-2.318592,True
144,3,939.0,203.0,-2.330563,True
145,0,924.1667,203.0,-2.314172,True
145,1,916.1667,203.0,-2.305332,True
145,2,946.0,262.0,-2.714094,True
145,3,946.0,203.0,-2.338297,True
146,0,914.0,203.0,-2.302938,True
146,1,936.8333,268.0,-2.742181,True
146,2,908.1667,203.0,-2.296493,True
146,3,939.0,203.0,-2.330563,True
147,0,968.1667,386.0,-3.528396,True
147,1,949.1667,386.0,-3.507402,True
147,2,918.1667,203.0,-2.307542,True
147,3,903.0,203.0,-2.290784,True
148,0,928.0,203.0,-2.318408,True
148,1,946.0,262.0,-2.714094,True
148,2,1072.8333,386.0,-3.64405,True
148,3,939.0,203.0,-2.330563,True
149,0,939.0,203.0,-2.330563,True
149,1,968.0,386.0,-3.528212,True
149,2,938.1667,262.0,-2.705438,True
149,3,925.1667,203.0,-2.315277,True
150,0,918.1667,203.0,-2.307542,True
150,1,940.1667,203.0,-2.331852,True
150,2,968.0,386.0,-3.528212,True
150,3,950.0,268.0,-2.75673,True
151,0,939.0,203.0,-2.330563,True
151,1,946.0,262.0,-2.714094,True
151,2,939.0,262.0,-2.706359,True
151,3,939.0,203.0,-2.330563,True
152,0,937.1667,203.0,-2.328537,True
152,1,929.1667,203.0,-2.319697,True
152,2,991.1667,386.0,-3.553811,True
152,3,946.0,203.0,-2.338297,True
153,0,965.0,203.0,-2.359292,True
153,1,957.1667,203.0,-2.350636,True
153,2,939.0,203.0,-2.330563,True
153,3,949.1667,203.0,-2.341797,True
154,0,944.1667,203.0,-2.336272,True
154,1,935.0,203.0,-2.326143,True
154,2,939.0,203.0,-2.330563,True
154,3,957.0,327.0,-3.140261,True
155,0,903.0,203.0,-2.290784,True
155,1,951.0,203.0,-2.343822,True
155,2,951.0,203.0,-2.343822,True
155,3,972.1667,203.0,-2.367211,True
156,0,912.1667,203.0,-2.300913,True
156,1,910.1667,203.0,-2.298703,True
156,2,965.0,203.0,-2.359292,True
156,3,940.1667,203.0,-2.331852,True
157,0,917.1667,203.0,-2.306437,True
157,1,914.0,203.0,-2.302938,True
157,2,939.0,262.0,-2.706359,True
157,3,946.0,203.0,-2.338297,True
158,0,939.0,203.0,-2.330563,True
158,1,946.0,203.0,-2.338297,True
158,2,928.0,203.0,-2.318408,True
158,3,919.1667,203.0,-2.308647,True
159,0,937.1667,203.0,-2.328537,True
159,1,989.0,386.0,-3.551416,True
159,2,939.0,262.0,-2.706359,True
159,3,955.1667,203.0,-2.348426,True
160,0,939.0,203.0,-2.330563,True
160,1,903.1667,203.0,-2.290968,True
160,2,949.1667,386.0,-3.507402,True
160,3,950.0,327.0,-3.132526,True
161,0,925.1667,203.0,-2.315277,True
161,1,946.0,262.0,-2.714094,True
161,2,928.0,203.0,-2.318408,True
161,3,914.1667,203.0,-2.303123,True
162,0,925.0,268.0,-2.729106,True
162,1,932.1667,321.0,-3.074604,True
162,2,947.1667,323.0,-3.103918,True
162,3,914.0,203.0,-2.302938,True
163,0,1074.3333,583.0,-4.900484,True
163,1,961.8333,386.0,-3.521398,True
163,2,1103.6667,583.0,-4.932897,True
163,3,1218.1667,858.0,-6.811009,True
164,0,903.0,203.0,-2.290784,True
164,1,1097.5,583.0,-4.926083,True
164,2,929.1667,203.0,-2.319697,True
164,3,903.0,203.0,-2.290784,True
165,0,919.1667,203.0,-2.308647,True
165,1,943.8333,386.0,-3.501508,True
165,2,980.1667,386.0,-3.541656,True
165,3,917.8333,203.0,-2.307174,True
166,0,929.1667,203.0,-2.319697,True
166,1,922.1667,203.0,-2.311962,True
166,2,962.8333,382.0,-3.497025,True
166,3,928.0,203.0,-2.318408,True
167,0,1031.1667,450.0,-4.005653,True
167,1,1030.5,450.0,-4.004916,True
167,2,937.1667,203.0,-2.328537,True
167,3,935.0,203.0,-2.326143,True
168,0,953.0,262.0,-2.721828,True
168,1,924.1667,203.0,-2.314172,True
168,2,926.1667,203.0,-2.316382,True
168,3,927.1667,203.0,-2.317487,True
169,0,935.0,203.0,-2.326143,True
169,1,989.0,323.0,-3.150143,True
169,2,920.1667,203.0,-2.309752,True
169,3,910.1667,203.0,-2.298703,True
170,0,933.1667,203.0,-2.324117,True
170,1,963.1667,321.0,-3.108859,True
170,2,919.1667,203.0,-2.308647,True
170,3,927.1667,203.0,-2.317487,True
171,0,950.1667,203.0,-2.342902,True
171,1,954.1667,262.0,-2.723118,True
171,2,972.1667,327.0,-3.15702,True
171,3,1007.1667,386.0,-3.57149,True
172,0,932.1667,203.0,-2.323012,True
172,1,956.1667,203.0,-2.349531,True
172,2,942.0,203.0,-2.333878,True
172,3,942.1667,203.0,-2.334062,True
173,0,928.0,203.0,-2.318408,True
173,1,935.0,203.0,-2.326143,True
173,2,910.0,203.0,-2.298518,True
173,3,912.1667,203.0,-2.300913,True
174,0,921.1667,203.0,-2.310857,True
174,1,926.1667,203.0,-2.316382,True
174,2,944.0,203.0,-2.336088,True
174,3,919.1667,203.0,-2.308647,True
175,0,957.0,386.0,-3.516057,True
175,1,946.0,203.0,-2.338297,True
175,2,939.1667,203.0,-2.330747,True
175,3,919.1667,203.0,-2.308647,True
176,0,953.0,203.0,-2.346032,True
176,1,1021.1667,386.0,-3.58696,True
176,2,914.0,203.0,-2.302938,True
176,3,937.1667,203.0,-2.328537,True
177,0,1000.1667,386.0,-3.563755,True
177,1,935.0,203.0,-2.326143,True
177,2,935.0,203.0,-2.326143,True
177,3,940.1667,203.0,-2.331852,True
178,0,928.0,203.0,-2.318408,True
178,1,916.1667,203.0,-2.305332,True
178,2,909.1667,203.0,-2.297598,True
178,3,914.0,203.0,-2.302938,True
179,0,919.1667,203.0,-2.308647,True
179,1,933.1667,279.0,-2.808193,True
179,2,925.1667,203.0,-2.315277,True
179,3,919.1667,203.0,-2.308647,True
180,0,924.1667,203.0,-2.314172,True
180,1,956.1667,203.0,-2.349531,True
180,2,928.0,203.0,-2.318408,True
180,3,937.1667,203.0,-2.328537,True
181,0,946.0,262.0,-2.714094,True
181,1,919.1667,203.0,-2.308647,True
181,2,913.1667,203.0,-2.302018,True
181,3,904.1667,203.0,-2.292073,True
182,0,939.0,203.0,-2.330563,True
182,1,938.1667,203.0,-2.329642,True
182,2,946.0,203.0,-2.338297,True
182,3,925.1667,203.0,-2.315277,True
183,0,946.0,203.0,-2.338297,True
183,1,942.1667,203.0,-2.334062,True
183,2,935.0,203.0,-2.326143,True
183,3,987.1667,386.0,-3.549391,True
184,0,946.0,203.0,-2.338297,True
184,1,928.0,203.0,-2.318408,True
184,2,914.0,203.0,-2.302938,True
184,3,936.1667,203.0,-2.327432,True
185,0,914.0,203.0,-2.302938,True
185,1,968.0,386.0,-3.528212,True
185,2,950.0,327.0,-3.132526,True
185,3,957.0,386.0,-3.516057,True
186,0,950.0,327.0,-3.132526,True
186,1,910.1667,203.0,-2.298703,True
186,2,921.1667,203.0,-2.310857,True
186,3,939.0,203.0,-2.330563,True
187,0,927.1667,203.0,-2.317487,True
187,1,975.1667,386.0,-3.536131,True
187,2,959.1667,327.0,-3.142655,True
187,3,937.1667,203.0,-2.328537,True
188,0,914.0,203.0,-2.302938,True
188,1,927.1667,203.0,-2.317487,True
188,2,941.1667,262.0,-2.708753,True
188,3,939.0,203.0,-2.330563,True
189,0,923.1667,203.0,-2.313067,True
189,1,913.1667,203.0,-2.302018,True
189,2,924.1667,203.0,-2.314172,True
189,3,928.1667,203.0,-2.318592,True
190,0,939.1667,321.0,-3.082339,True
190,1,915.8333,203.0,-2.304964,True
190,2,929.1667,203.0,-2.319697,True
190,3,930.1667,203.0,-2.320802,True
191,0,920.8333,203.0,-2.310489,True
191,1,928.0,203.0,-2.318408,True
191,2,919.1667,203.0,-2.308647,True
191,3,912.1667,203.0,-2.300913,True
192,0,912.1667,203.0,-2.300913,True
192,1,921.1667,203.0,-2.310857,True
192,2,942.1667,203.0,-2.334062,True
192,3,911.1667,203.0,-2.299808,True
193,0,934.1667,203.0,-2.325222,True
193,1,926.1667,203.0,-2.316382,True
193,2,932.1667,203.0,-2.323012,True
193,3,930.1667,203.0,-2.320802,True
194,0,950.0,327.0,-3.132526,True
194,1,914.1667,203.0,-2.303123,True
194,2,930.1667,203.0,-2.320802,True
194,3,928.0,203.0,-2.318408,True
195,0,928.0,203.0,-2.318408,True
195,1,922.1667,203.0,-2.311962,True
195,2,922.1667,203.0,-2.311962,True
195,3,946.0,203.0,-2.338297,True
196,0,946.0,203.0,-2.338297,True
196,1,930.1667,203.0,-2.320802,True
196,2,919.1667,203.0,-2.308647,True
196,3,913.1667,203.0,-2.302018,True
197,0,904.1667,203.0,-2.292073,True
197,1,1122.8333,659.0,-5.438152,True
197,2,919.1667,203.0,-2.308647,True
197,3,912.1667,203.0,-2.300913,True
198,0,945.1667,203.0,-2.337377,True
198,1,920.1667,203.0,-2.309752,True
198,2,927.1667,203.0,-2.317487,True
198,3,921.1667,203.0,-2.310857,True
199,0,928.0,203.0,-2.318408,True
199,1,957.0,386.0,-3.516057,True
199,2,921.1667,203.0,-2.310857,True
199,3,920.1667,203.0,-2.309752,True
200,0,922.1667,203.0,-2.311962,True
200,1,946.0,262.0,-2.714094,True
200,2,939.0,203.0,-2.330563,True
200,3,936.1667,203.0,-2.327432,True
201,0,922.8333,203.0,-2.312699,True
201,1,935.0,203.0,-2.326143,True
201,2,935.0,203.0,-2.326143,True
201,3,917.8333,203.0,-2.307174,True
202,0,933.1667,203.0,-2.324117,True
202,1,951.0,203.0,-2.343822,True
202,2,963.1667,203.0,-2.357266,True
202,3,935.0,203.0,-2.326143,True
203,0,972.1667,386.0,-3.532816,True
203,1,962.0,203.0,-2.355977,True
203,2,964.0,327.0,-3.147996,True
203,3,1007.0,386.0,-3.571306,True
204,0,925.1667,203.0,-2.315277,True
204,1,954.1667,262.0,-2.723118,True
204,2,954.1667,203.0,-2.347321,True
204,3,919.1667,203.0,-2.308647,True
205,0,935.0,262.0,-2.701939,True
205,1,945.8333,321.0,-3.089706,True
205,2,921.1667,203.0,-2.310857,True
205,3,924.1667,203.0,-2.314172,True
206,0,964.0,386.0,-3.523792,True
206,1,910.8333,203.0,-2.299439,True
206,2,992.1667,386.0,-3.554915,True
206,3,927.1667,203.0,-2.317487,True
207,0,912.8333,203.0,-2.301649,True
207,1,940.1667,203.0,-2.331852,True
207,2,924.1667,203.0,-2.314172,True
207,3,912.8333,203.0,-2.301649,True
208,0,940.1667,203.0,-2.331852,True
208,1,946.0,203.0,-2.338297,True
208,2,911.1667,203.0,-2.299808,True
208,3,919.1667,203.0,-2.308647,True
209,0,937.1667,203.0,-2.328537,True
209,1,927.1667,203.0,-2.317487,True
209,2,944.0,203.0,-2.336088,True
209,3,911.8333,203.0,-2.300544,True
210,0,940.1667,203.0,-2.331852,True
210,1,946.0,203.0,-2.338297,True
210,2,926.1667,203.0,-2.316382,True
210,3,922.1667,203.0,-2.311962,True
211,0,939.0,203.0,-2.330563,True
211,1,918.1667,203.0,-2.307542,True
211,2,950.0,327.0,-3.132526,True
211,3,919.1667,203.0,-2.308647,True
212,0,952.1667,323.0,-3.109443,True
212,1,929.1667,262.0,-2.695493,True
212,2,954.1667,323.0,-3.111653,True
212,3,926.1667,203.0,-2.316382,True
213,0,932.1667,262.0,-2.698808,True
213,1,939.1667,321.0,-3.082339,True
213,2,957.0,386.0,-3.516057,True
213,3,939.0,203.0,-2.330563,True
214,0,950.0,386.0,-3.508322,True
214,1,920.1667,203.0,-2.309752,True
214,2,946.0,321.0,-3.08989,True
214,3,921.1667,203.0,-2.310857,True
215,0,950.0,386.0,-3.508322,True
215,1,950.0,386.0,-3.508322,True
215,2,949.1667,386.0,-3.507402,True
215,3,939.0,262.0,-2.706359,True
216,0,938.1667,203.0,-2.329642,True
216,1,923.1667,203.0,-2.313067,True
216,2,950.0,327.0,-3.132526,True
216,3,950.0,386.0,-3.508322,True
217,0,918.1667,203.0,-2.307542,True
217,1,939.1667,321.0,-3.082339,True
217,2,939.1667,327.0,-3.120556,True
217,3,939.0,203.0,-2.330563,True
218,0,939.0,262.0,-2.706359,True
218,1,903.1667,203.0,-2.290968,True
218,2,918.1667,203.0,-2.307542,True
218,3,953.8333,327.0,-3.136762,True
219,0,911.1667,203.0,-2.299808,True
219,1,914.0,203.0,-2.302938,True
219,2,928.0,203.0,-2.318408,True
219,3,927.1667,203.0,-2.317487,True
220,0,946.0,203.0,-2.338297,True
220,1,913.1667,203.0,-2.302018,True
220,2,939.0,203.0,-2.330563,True
220,3,939.0,262.0,-2.706359,True
221,0,909.1667,203.0,-2.297598,True
221,1,926.1667,203.0,-2.316382,True
221,2,946.0,262.0,-2.714094,True
221,3,913.8333,203.0,-2.302754,True
222,0,914.0,203.0,-2.302938,True
222,1,939.0,262.0,-2.706359,True
222,2,942.1667,203.0,-2.334062,True
222,3,942.1667,203.0,-2.334062,True
223,0,932.1667,321.0,-3.074604,True
223,1,939.0,262.0,-2.706359,True
223,2,950.0,327.0,-3.132526,True
223,3,940.1667,203.0,-2.331852,True
224,0,962.8333,386.0,-3.522503,True
224,1,961.1667,386.0,-3.520661,True
224,2,928.0,203.0,-2.318408,True
224,3,939.0,203.0,-2.330563,True
225,0,928.0,203.0,-2.318408,True
225,1,913.1667,203.0,-2.302018,True
225,2,939.0,262.0,-2.706359,True
225,3,950.0,386.0,-3.508322,True
226,0,945.1667,203.0,-2.337377,True
226,1,917.1667,203.0,-2.306437,True
226,2,928.0,203.0,-2.318408,True
226,3,939.0,203.0,-2.330563,True
227,0,939.1667,262.0,-2.706543,True
227,1,946.0,203.0,-2.338297,True
227,2,925.1667,203.0,-2.315277,True
227,3,918.1667,203.0,-2.307542,True
228,0,929.1667,203.0,-2.319697,True
228,1,950.0,386.0,-3.508322,True
228,2,939.0,203.0,-2.330563,True
228,3,919.1667,203.0,-2.308647,True
229,0,928.0,203.0,-2.318408,True
229,1,950.0,386.0,-3.508322,True
229,2,950.0,386.0,-3.508322,True
229,3,939.0,262.0,-2.706359,True
230,0,932.1667,321.0,-3.074604,True
230,1,949.1667,262.0,-2.717593,True
230,2,928.1667,203.0,-2.318592,True
230,3,928.0,203.0,-2.318408,True
231,0,950.0,386.0,-3.508322,True
231,1,950.0,327.0,-3.132526,True
231,2,939.0,203.0,-2.330563,True
231,3,918.1667,203.0,-2.307542,True
232,0,950.0,327.0,-3.132526,True
232,1,943.1667,262.0,-2.710963,True
232,2,974.1667,386.0,-3.535026,True
232,3,950.0,327.0,-3.132526,True
233,0,939.0,203.0,-2.330563,True
233,1,914.1667,203.0,-2.303123,True
233,2,982.0,386.0,-3.543682,True
233,3,926.1667,203.0,-2.316382,True
234,0,914.0,203.0,-2.302938,True
234,1,929.1667,203.0,-2.319697,True
234,2,928.0,203.0,-2.318408,True
234,3,924.1667,203.0,-2.314172,True
235,0,919.1667,203.0,-2.308647,True
235,1,940.1667,203.0,-2.331852,True
235,2,950.0,386.0,-3.508322,True
235,3,1022.5,450.0,-3.996076,True
236,0,913.1667,203.0,-2.302018,True
236,1,941.1667,203.0,-2.332957,True
236,2,924.1667,203.0,-2.314172,True
236,3,932.1667,203.0,-2.323012,True
237,0,951.0,203.0,-2.343822,True
237,1,950.1667,203.0,-2.342902,True
237,2,927.1667,203.0,-2.317487,True
237,3,911.1667,203.0,-2.299808,True
238,0,1123.1667,766.0,-6.120049,True
238,1,1153.5,823.0,-6.516624,True
238,2,1082.8333,506.0,-4.419431,True
238,3,1079.3333,583.0,-4.906009,True
239,0,1002.8333,386.0,-3.566702,True
239,1,975.8333,386.0,-3.536868,True
239,2,1003.8333,386.0,-3.567807,True
239,3,938.8333,268.0,-2.744391,True
240,0,1059.8333,646.0,-5.285736,True
240,1,1001.0,386.0,-3.564676,True
240,2,989.8333,386.0,-3.552337,True
240,3,1010.0,386.0,-3.574621,True
241,0,960.1667,203.0,-2.353951,True
241,1,930.1667,203.0,-2.320802,True
241,2,958.1667,203.0,-2.351741,True
241,3,958.0,203.0,-2.351557,True
242,0,970.1667,203.0,-2.365001,True
242,1,960.1667,203.0,-2.353951,True
242,2,958.0,203.0,-2.351557,True
242,3,958.0,203.0,-2.351557,True
243,0,960.1667,203.0,-2.353951,True
243,1,968.1667,203.0,-2.362791,True
243,2,958.0,203.0,-2.351557,True
243,3,968.1667,203.0,-2.362791,True
244,0,971.1667,203.0,-2.366106,True
244,1,965.0,203.0,-2.359292,True
244,2,909.1667,203.0,-2.297598,True
244,3,965.0,203.0,-2.359292,True
245,0,939.0,203.0,-2.330563,True
245,1,958.0,203.0,-2.351557,True
245,2,958.0,203.0,-2.351557,True
245,3,967.1667,203.0,-2.361686,True
246,0,950.1667,203.0,-2.342902,True
246,1,958.0,203.0,-2.351557,True
246,2,945.1667,203.0,-2.337377,True
246,3,967.1667,203.0,-2.361686,True
247,0,958.0,203.0,-2.351557,True
247,1,976.1667,203.0,-2.371631,True
247,2,940.1667,203.0,-2.331852,True
247,3,958.0,203.0,-2.351557,True
248,0,967.1667,203.0,-2.361686,True
248,1,969.1667,203.0,-2.363896,True
248,2,942.1667,203.0,-2.334062,True
248,3,914.1667,203.0,-2.303123,True
249,0,903.0,203.0,-2.290784,True
249,1,950.0,327.0,-3.132526,True
249,2,934.1667,203.0,-2.325222,True
249,3,939.0,203.0,-2.330563,True
250,0,965.0,203.0,-2.359292,True
250,1,948.1667,203.0,-2.340692,True
250,2,951.0,203.0,-2.343822,True
250,3,929.1667,203.0,-2.319697,True
251,0,958.0,203.0,-2.351557,True
251,1,942.1667,203.0,-2.334062,True
251,2,974.1667,203.0,-2.369421,True
251,3,939.0,203.0,-2.330563,True
252,0,914.1667,203.0,-2.303123,True
252,1,939.0,203.0,-2.330563,True
252,2,944.0,203.0,-2.336088,True
252,3,939.0,262.0,-2.706359,True
253,0,939.0,262.0,-2.706359,True
253,1,955.1667,203.0,-2.348426,True
253,2,927.1667,203.0,-2.317487,True
253,3,932.1667,321.0,-3.074604,True
254,0,944.0,203.0,-2.336088,True
254,1,946.0,203.0,-2.338297,True
254,2,958.0,203.0,-2.351557,True
254,3,937.1667,203.0,-2.328537,True
255,0,939.0,262.0,-2.706359,True
255,1,939.0,262.0,-2.706359,True
255,2,954.1667,327.0,-3.13713,True
255,3,939.0,203.0,-2.330563,True
256,0,920.1667,203.0,-2.309752,True
256,1,917.1667,203.0,-2.306437,True
256,2,930.1667,203.0,-2.320802,True
256,3,939.0,262.0,-2.706359,True
257,0,939.0,262.0,-2.706359,True
257,1,1017.1667,203.0,-2.416935,True
257,2,916.1667,203.0,-2.305332,True
257,3,919.1667,203.0,-2.308647,True
258,0,1004.1667,386.0,-3.568175,True
258,1,950.0,327.0,-3.132526,True
258,2,911.1667,203.0,-2.299808,True
258,3,1019.1667,386.0,-3.58475,True
259,0,993.1667,203.0,-2.390415,True
259,1,928.0,203.0,-2.318408,True
259,2,939.0,262.0,-2.706359,True
259,3,953.0,203.0,-2.346032,True
260,0,926.1667,203.0,-2.316382,True
260,1,928.0,203.0,-2.318408,True
260,2,903.0,203.0,-2.290784,True
260,3,939.0,262.0,-2.706359,True
261,0,949.1667,386.0,-3.507402,True
261,1,940.1667,203.0,-2.331852,True
261,2,939.0,203.0,-2.330563,True
261,3,920.1667,203.0,-2.309752,True
262,0,935.1667,203.0,-2.326327,True
262,1,946.0,262.0,-2.714094,True
262,2,939.0,262.0,-2.706359,True
262,3,915.1667,203.0,-2.304228,True
263,0,914.0,203.0,-2.302938,True
263,1,950.0,327.0,-3.132526,True
263,2,922.1667,203.0,-2.311962,True
263,3,909.1667,203.0,-2.297598,True
264,0,929.1667,203.0,-2.319697,True
264,1,916.1667,203.0,-2.305332,True
264,2,914.0,203.0,-2.302938,True
264,3,951.0,203.0,-2.343822,True
265,0,951.0,203.0,-2.343822,True
265,1,919.1667,203.0,-2.308647,True
265,2,928.1667,203.0,-2.318592,True
265,3,928.0,203.0,-2.318408,True
266,0,950.0,386.0,-3.508322,True
266,1,923.1667,203.0,-2.313067,True
266,2,939.0,262.0,-2.706359,True
266,3,920.1667,203.0,-2.309752,True
267,0,939.0,262.0,-2.706359,True
267,1,950.0,327.0,-3.132526,True
267,2,922.1667,203.0,-2.311962,True
267,3,939.0,262.0,-2.706359,True
268,0,928.1667,262.0,-2.694388,True
268,1,929.1667,203.0,-2.319697,True
268,2,928.1667,203.0,-2.318592,True
268,3,927.1667,203.0,-2.317487,True
269,0,939.1667,321.0,-3.082339,True
269,1,939.0,262.0,-2.706359,True
269,2,939.1667,321.0,-3.082339,True
269,3,939.0,262.0,-2.706359,True
270,0,915.8333,203.0,-2.304964,True
270,1,950.0,327.0,-3.132526,True
270,2,904.1667,203.0,-2.292073,True
270,3,955.1667,203.0,-2.348426,True
271,0,918.1667,203.0,-2.307542,True
271,1,946.0,203.0,-2.338297,True
271,2,928.0,203.0,-2.318408,True
271,3,939.0,262.0,-2.706359,True
272,0,950.0,386.0,-3.508322,True
272,1,939.0,203.0,-2.330563,True
272,2,949.1667,386.0,-3.507402,True
272,3,918.1667,203.0,-2.307542,True
273,0,928.0,203.0,-2.318408,True
273,1,950.0,327.0,-3.132526,True
273,2,914.1667,203.0,-2.303123,True
273,3,950.0,327.0,-3.132526,True
274,0,957.0,386.0,-3.516057,True
274,1,946.0,321.0,-3.08989,True
274,2,918.1667,203.0,-2.307542,True
274,3,951.1667,262.0,-2.719803,True
275,0,944.0,203.0,-2.336088,True
275,1,921.1667,203.0,-2.310857,True
275,2,937.1667,203.0,-2.328537,True
275,3,943.1667,203.0,-2.335167,True
276,0,957.0,268.0,-2.764465,True
276,1,921.1667,203.0,-2.310857,True
276,2,929.1667,203.0,-2.319697,True
276,3,922.1667,203.0,-2.311962,True
277,0,939.0,262.0,-2.706359,True
277,1,970.1667,327.0,-3.15481,True
277,2,950.0,327.0,-3.132526,True
277,3,939.0,262.0,-2.706359,True
278,0,918.1667,203.0,-2.307542,True
278,1,928.0,203.0,-2.318408,True
278,2,911.1667,203.0,-2.299808,True
278,3,957.0,386.0,-3.516057,True
279,0,951.0,203.0,-2.343822,True
279,1,939.0,262.0,-2.706359,True
279,2,928.0,203.0,-2.318408,True
279,3,919.1667,203.0,-2.308647,True
280,0,912.1667,203.0,-2.300913,True
280,1,906.1667,203.0,-2.294283,True
280,2,920.1667,203.0,-2.309752,True
280,3,946.0,203.0,-2.338297,True
281,0,914.0,203.0,-2.302938,True
281,1,921.1667,203.0,-2.310857,True
281,2,924.1667,203.0,-2.314172,True
281,3,940.1667,203.0,-2.331852,True
282,0,904.1667,203.0,-2.292073,True
282,1,955.1667,203.0,-2.348426,True
282,2,935.0,203.0,-2.326143,True
282,3,918.1667,203.0,-2.307542,True
283,0,946.0,203.0,-2.338297,True
283,1,917.1667,203.0,-2.306437,True
283,2,919.1667,203.0,-2.308647,True
283,3,942.1667,203.0,-2.334062,True
284,0,919.1667,203.0,-2.308647,True
284,1,922.1667,203.0,-2.311962,True
284,2,914.1667,203.0,-2.303123,True
284,3,928.0,203.0,-2.318408,True
285,0,961.1667,327.0,-3.144865,True
285,1,939.0,262.0,-2.706359,True
285,2,957.0,386.0,-3.516057,True
285,3,939.0,262.0,-2.706359,True
286,0,913.1667,203.0,-2.302018,True
286,1,972.1667,327.0,-3.15702,True
286,2,915.8333,203.0,-2.304964,True
286,3,921.1667,203.0,-2.310857,True
287,0,918.1667,203.0,-2.307542,True
287,1,946.0,262.0,-2.714094,True
287,2,917.1667,203.0,-2.306437,True
287,3,919.1667,203.0,-2.308647,True
288,0,921.1667,203.0,-2.310857,True
288,1,950.0,386.0,-3.508322,True
288,2,917.1667,203.0,-2.306437,True
288,3,921.1667,203.0,-2.310857,True
289,0,951.0,203.0,-2.343822,True
289,1,919.1667,203.0,-2.308647,True
289,2,919.1667,203.0,-2.308647,True
289,3,922.1667,203.0,-2.311962,True
290,0,939.0,203.0,-2.330563,True
290,1,914.1667,203.0,-2.303123,True
290,2,939.0,262.0,-2.706359,True
290,3,922.1667,203.0,-2.311962,True
291,0,937.1667,203.0,-2.328537,True
291,1,921.1667,203.0,-2.310857,True
291,2,918.1667,203.0,-2.307542,True
291,3,1053.0,450.0,-4.029778,True
292,0,919.1667,203.0,-2.308647,True
292,1,927.1667,203.0,-2.317487,True
292,2,924.1667,203.0,-2.314172,True
292,3,921.1667,203.0,-2.310857,True
293,0,942.1667,203.0,-2.334062,True
293,1,919.1667,203.0,-2.308647,True
293,2,919.1667,203.0,-2.308647,True
293,3,919.1667,203.0,-2.308647,True
294,0,950.0,386.0,-3.508322,True
294,1,946.0,203.0,-2.338297,True
294,2,947.1667,203.0,-2.339587,True
294,3,942.1667,203.0,-2.334062,True
295,0,940.1667,203.0,-2.331852,True
295,1,939.0,203.0,-2.330563,True
295,2,914.1667,203.0,-2.303123,True
295,3,917.1667,203.0,-2.306437,True
296,0,922.1667,203.0,-2.311962,True
296,1,939.0,203.0,-2.330563,True
296,2,942.1667,203.0,-2.334062,True
296,3,919.1667,203.0,-2.308647,True
297,0,999.0,386.0,-3.562466,True
297,1,969.8333,386.0,-3.530238,True
297,2,969.8333,386.0,-3.530238,True
297,3,994.8333,386.0,-3.557862,True
298,0,938.1667,203.0,-2.329642,True
298,1,939.0,203.0,-2.330563,True
298,2,950.0,327.0,-3.132526,True
298,3,934.1667,262.0,-2.701018,True
299,0,1287.0,917.0,-7.262864,True
299,1,1327.8333,1081.0,-8.352569,True
299,2,1186.1667,779.0,-6.272465,True
299,3,1291.8333,917.0,-7.268204,True
300,0,1019.8333,522.0,-4.451728,True
300,1,1167.1667,701.0,-5.754655,True
300,2,1323.8333,1362.0,-10.137958,True
300,3,1254.8333,1126.0,-8.558531,True
301,0,1098.8333,722.0,-5.812907,True
301,1,994.8333,386.0,-3.557862,True
301,2,1141.1667,766.0,-6.139939,True
301,3,1177.1667,982.0,-7.555514,True
302,0,1145.3333,766.0,-6.144543,True
302,1,1065.5,583.0,-4.890724,True
302,2,981.0,386.0,-3.542577,True
302,3,949.1667,386.0,-3.507402,True
303,0,939.0,262.0,-2.706359,True
303,1,950.0,327.0,-3.132526,True
303,2,949.1667,386.0,-3.507402,True
303,3,918.1667,203.0,-2.307542,True
304,0,950.0,327.0,-3.132526,True
304,1,929.1667,262.0,-2.695493,True
304,2,939.0,262.0,-2.706359,True
304,3,939.0,203.0,-2.330563,True
305,0,950.0,327.0,-3.132526,True
305,1,949.1667,386.0,-3.507402,True
305,2,950.0,327.0,-3.132526,True
305,3,950.0,386.0,-3.508322,True
306,0,950.0,327.0,-3.132526,True
306,1,974.1667,203.0,-2.369421,True
306,2,929.1667,262.0,-2.695493,True
306,3,949.1667,203.0,-2.341797,True
307,0,950.0,327.0,-3.132526,True
307,1,924.1667,203.0,-2.314172,True
307,2,976.1667,203.0,-2.371631,True
307,3,970.0,279.0,-2.848893,True
308,0,903.1667,203.0,-2.290968,True
308,1,950.0,327.0,-3.132526,True
308,2,950.0,386.0,-3.508322,True
308,3,918.1667,203.0,-2.307542,True
309,0,944.0,203.0,-2.336088,True
309,1,914.1667,203.0,-2.303123,True
309,2,939.0,262.0,-2.706359,True
309,3,950.0,386.0,-3.508322,True
310,0,950.0,386.0,-3.508322,True
310,1,939.0,262.0,-2.706359,True
310,2,929.1667,262.0,-2.695493,True
310,3,950.0,386.0,-3.508322,True
311,0,1152.3333,766.0,-6.152277,True
311,1,1034.8333,386.0,-3.602061,True
311,2,1120.8333,626.0,-5.225751,True
311,3,1226.8333,1026.0,-7.890649,True
312,0,973.1667,203.0,-2.368316,True
312,1,944.0,203.0,-2.336088,True
312,2,910.1667,203.0,-2.298703,True
312,3,942.1667,203.0,-2.334062,True
313,0,958.0,203.0,-2.351557,True
313,1,939.0,262.0,-2.706359,True
313,2,973.1667,203.0,-2.368316,True
313,3,958.0,203.0,-2.351557,True
314,0,937.1667,203.0,-2.328537,True
314,1,946.0,203.0,-2.338297,True
314,2,951.0,203.0,-2.343822,True
314,3,976.1667,203.0,-2.371631,True
315,0,936.1667,386.0,-3.493037,True
315,1,921.1667,203.0,-2.310857,True
315,2,939.0,203.0,-2.330563,True
315,3,940.1667,203.0,-2.331852,True
316,0,939.0,203.0,-2.330563,True
316,1,939.0,203.0,-2.330563,True
316,2,939.0,262.0,-2.706359,True
316,3,919.1667,203.0,-2.308647,True
317,0,946.0,203.0,-2.338297,True
317,1,957.0,386.0,-3.516057,True
317,2,946.0,203.0,-2.338297,True
317,3,946.0,203.0,-2.338297,True
318,0,921.1667,203.0,-2.310857,True
318,1,918.1667,203.0,-2.307542,True
318,2,932.1667,262.0,-2.698808,True
318,3,932.1667,262.0,-2.698808,True
319,0,932.1667,321.0,-3.074604,True
319,1,919.1667,203.0,-2.308647,True
319,2,939.0,203.0,-2.330563,True
319,3,918.1667,203.0,-2.307542,True
320,0,950.0,327.0,-3.132526,True
320,1,918.1667,203.0,-2.307542,True
320,2,939.1667,386.0,-3.496352,True
320,3,950.0,386.0,-3.508322,True
321,0,906.1667,203.0,-2.294283,True
321,1,939.0,262.0,-2.706359,True
321,2,914.0,203.0,-2.302938,True
321,3,914.0,203.0,-2.302938,True
322,0,932.1667,203.0,-2.323012,True
322,1,936.8333,327.0,-3.117978,True
322,2,1002.0,386.0,-3.565781,True
322,3,919.1667,203.0,-2.308647,True
323,0,914.0,203.0,-2.302938,True
323,1,921.1667,203.0,-2.310857,True
323,2,950.0,327.0,-3.132526,True
323,3,939.1667,321.0,-3.082339,True
324,0,950.0,386.0,-3.508322,True
324,1,928.1667,203.0,-2.318592,True
324,2,950.0,386.0,-3.508322,True
324,3,939.0,203.0,-2.330563,True
325,0,950.0,327.0,-3.132526,True
325,1,918.1667,203.0,-2.307542,True
325,2,939.0,262.0,-2.706359,True
325,3,950.0,327.0,-3.132526,True
326,0,950.0,327.0,-3.132526,True
326,1,939.0,262.0,-2.706359,True
326,2,950.0,386.0,-3.508322,True
326,3,950.0,327.0,-3.132526,True
327,0,923.0,262.0,-2.688679,True
327,1,949.1667,386.0,-3.507402,True
327,2,950.0,327.0,-3.132526,True
327,3,950.0,386.0,-3.508322,True
328,0,950.0,386.0,-3.508322,True
328,1,968.0,386.0,-3.528212,True
328,2,950.0,327.0,-3.132526,True
328,3,1001.1667,386.0,-3.56486,True
329,0,939.1667,321.0,-3.082339,True
329,1,939.0,262.0,-2.706359,True
329,2,959.0,386.0,-3.518267,True
329,3,982.0,386.0,-3.543682,True
330,0,922.1667,203.0,-2.311962,True
330,1,950.0,327.0,-3.132526,True
330,2,939.0,203.0,-2.330563,True
330,3,913.1667,203.0,-2.302018,True
331,0,950.0,327.0,-3.132526,True
331,1,958.0,203.0,-2.351557,True
331,2,934.1667,262.0,-2.701018,True
331,3,923.1667,203.0,-2.313067,True
332,0,950.0,386.0,-3.508322,True
332,1,936.1667,321.0,-3.079024,True
332,2,939.0,203.0,-2.330563,True
332,3,950.0,327.0,-3.132526,True
333,0,929.1667,321.0,-3.071289,True
333,1,939.0,262.0,-2.706359,True
333,2,939.0,203.0,-2.330563,True
333,3,950.0,327.0,-3.132526,True
334,0,928.0,203.0,-2.318408,True
334,1,919.1667,203.0,-2.308647,True
334,2,939.1667,321.0,-3.082339,True
334,3,912.8333,203.0,-2.301649,True
335,0,993.0,386.0,-3.555836,True
335,1,939.0,203.0,-2.330563,True
335,2,959.1667,386.0,-3.518451,True
335,3,950.0,386.0,-3.508322,True
336,0,957.0,327.0,-3.140261,True
336,1,939.0,203.0,-2.330563,True
336,2,1000.0,386.0,-3.563571,True
336,3,914.1667,203.0,-2.303123,True
337,0,939.0,321.0,-3.082155,True
337,1,939.0,262.0,-2.706359,True
337,2,959.1667,386.0,-3.518451,True
337,3,939.0,262.0,-2.706359,True
338,0,922.1667,203.0,-2.311962,True
338,1,970.1667,386.0,-3.530606,True
338,2,965.1667,327.0,-3.149285,True
338,3,1009.1667,386.0,-3.5737,True
339,0,958.1667,203.0,-2.351741,True
339,1,954.1667,386.0,-3.512927,True
339,2,928.0,203.0,-2.318408,True
339,3,939.0,262.0,-2.706359,True
340,0,929.1667,203.0,-2.319697,True
340,1,932.1667,203.0,-2.323012,True
340,2,968.0,386.0,-3.528212,True
340,3,939.0,262.0,-2.706359,True
341,0,904.1667,203.0,-2.292073,True
341,1,939.0,203.0,-2.330563,True
341,2,982.0,386.0,-3.543682,True
341,3,933.1667,203.0,-2.324117,True
342,0,949.1667,386.0,-3.507402,True
342,1,932.1667,321.0,-3.074604,True
342,2,942.1667,386.0,-3.499667,True
342,3,950.0,327.0,-3.132526,True
343,0,950.0,327.0,-3.132526,True
343,1,950.0,327.0,-3.132526,True
343,2,922.1667,203.0,-2.311962,True
343,3,939.0,262.0,-2.706359,True
344,0,928.1667,203.0,-2.318592,True
344,1,922.1667,203.0,-2.311962,True
344,2,957.0,327.0,-3.140261,True
344,3,939.0,203.0,-2.330563,True
345,0,939.0,262.0,-2.706359,True
345,1,939.0,203.0,-2.330563,True
345,2,950.0,327.0,-3.132526,True
345,3,914.0,203.0,-2.302938,True
346,0,950.0,327.0,-3.132526,True
346,1,922.1667,203.0,-2.311962,True
346,2,932.1667,262.0,-2.698808,True
346,3,911.1667,203.0,-2.299808,True
347,0,939.0,262.0,-2.706359,True
347,1,939.0,262.0,-2.706359,True
347,2,914.0,203.0,-2.302938,True
347,3,950.0,327.0,-3.132526,True
348,0,939.0,262.0,-2.706359,True
348,1,934.1667,203.0,-2.325222,True
348,2,968.0,386.0,-3.528212,True
348,3,939.0,262.0,-2.706359,True
349,0,1010.1667,386.0,-3.574805,True
349,1,949.1667,386.0,-3.507402,True
349,2,970.1667,386.0,-3.530606,True
349,3,950.0,386.0,-3.508322,True
350,0,932.1667,321.0,-3.074604,True
350,1,946.0,262.0,-2.714094,True
350,2,928.0,203.0,-2.318408,True
350,3,939.0,203.0,-2.330563,True
351,0,939.0,262.0,-2.706359,True
351,1,950.0,327.0,-3.132526,True
351,2,914.0,203.0,-2.302938,True
351,3,949.1667,386.0,-3.507402,True
352,0,928.0,203.0,-2.318408,True
352,1,968.0,386.0,-3.528212,True
352,2,949.1667,262.0,-2.717593,True
352,3,950.0,386.0,-3.508322,True
353,0,946.0,203.0,-2.338297,True
353,1,939.0,203.0,-2.330563,True
353,2,939.0,203.0,-2.330563,True
353,3,922.1667,203.0,-2.311962,True
354,0,940.1667,203.0,-2.331852,True
354,1,946.0,321.0,-3.08989,True
354,2,926.1667,203.0,-2.316382,True
354,3,935.0,203.0,-2.326143,True
355,0,939.0,262.0,-2.706359,True
355,1,933.1667,203.0,-2.324117,True
355,2,952.1667,262.0,-2.720908,True
355,3,1003.0,203.0,-2.401281,True
356,0,975.0,386.0,-3.535947,True
356,1,948.0,203.0,-2.340507,True
356,2,997.1667,386.0,-3.56044,True
356,3,968.0,386.0,-3.528212,True
357,0,1046.3333,443.0,-3.977825,True
357,1,1020.0,443.0,-3.948728,True
357,2,1001.1667,203.0,-2.399255,True
357,3,949.1667,262.0,-2.717593,True
358,0,943.1667,203.0,-2.335167,True
358,1,966.0,386.0,-3.526002,True
358,2,937.1667,203.0,-2.328537,True
358,3,939.0,203.0,-2.330563,True
359,0,939.1667,321.0,-3.082339,True
359,1,939.0,262.0,-2.706359,True
359,2,939.0,262.0,-2.706359,True
359,3,939.0,203.0,-2.330563,True
360,0,950.0,386.0,-3.508322,True
360,1,950.0,386.0,-3.508322,True
360,2,904.1667,203.0,-2.292073,True
360,3,916.1667,203.0,-2.305332,True
361,0,950.0,386.0,-3.508322,True
361,1,950.0,386.0,-3.508322,True
361,2,950.0,327.0,-3.132526,True
361,3,950.0,386.0,-3.508322,True
362,0,950.0,386.0,-3.508322,True
362,1,950.3333,323.0,-3.107417,True
362,2,934.3333,323.0,-3.089737,True
362,3,944.1667,262.0,-2.712068,True
363,0,950.3333,323.0,-3.107417,True
363,1,977.0,323.0,-3.136883,True
363,2,919.1667,203.0,-2.308647,True
363,3,943.1667,203.0,-2.335167,True
364,0,916.1667,203.0,-2.305332,True
364,1,928.0,203.0,-2.318408,True
364,2,939.0,262.0,-2.706359,True
364,3,948.0,203.0,-2.340507,True
365,0,950.0,262.0,-2.718514,True
365,1,934.1667,203.0,-2.325222,True
365,2,939.0,262.0,-2.706359,True
365,3,914.0,203.0,-2.302938,True
366,0,939.0,203.0,-2.330563,True
366,1,949.1667,386.0,-3.507402,True
366,2,940.1667,203.0,-2.331852,True
366,3,950.0,327.0,-3.132526,True
367,0,949.1667,386.0,-3.507402,True
367,1,950.0,327.0,-3.132526,True
367,2,925.0,262.0,-2.690889,True
367,3,950.0,386.0,-3.508322,True
368,0,939.0,262.0,-2.706359,True
368,1,950.0,327.0,-3.132526,True
368,2,950.0,327.0,-3.132526,True
368,3,950.0,327.0,-3.132526,True
369,0,950.0,327.0,-3.132526,True
369,1,939.0,203.0,-2.330563,True
369,2,950.0,327.0,-3.132526,True
369,3,950.0,386.0,-3.508322,True
370,0,959.0,386.0,-3.518267,True
370,1,950.0,386.0,-3.508322,True
370,2,950.0,386.0,-3.508322,True
370,3,914.1667,203.0,-2.303123,True
371,0,950.0,386.0,-3.508322,True
371,1,939.0,262.0,-2.706359,True
371,2,950.0,386.0,-3.508322,True
371,3,949.1667,262.0,-2.717593,True
372,0,950.0,327.0,-3.132526,True
372,1,949.1667,386.0,-3.507402,True
372,2,939.0,262.0,-2.706359,True
372,3,950.0,268.0,-2.75673,True
373,0,950.0,327.0,-3.132526,True
373,1,939.0,203.0,-2.330563,True
373,2,939.0,262.0,-2.706359,True
373,3,929.1667,203.0,-2.319697,True
374,0,950.0,327.0,-3.132526,True
374,1,939.0,262.0,-2.706359,True
374,2,950.0,386.0,-3.508322,True
374,3,950.0,268.0,-2.75673,True
375,0,939.0,262.0,-2.706359,True
375,1,914.0,203.0,-2.302938,True
375,2,950.0,386.0,-3.508322,True
375,3,919.1667,203.0,-2.308647,True
376,0,929.1667,321.0,-3.071289,True
376,1,919.1667,203.0,-2.308647,True
376,2,936.1667,262.0,-2.703228,True
376,3,950.0,386.0,-3.508322,True
377,0,950.0,327.0,-3.132526,True
377,1,950.0,327.0,-3.132526,True
377,2,950.0,327.0,-3.132526,True
377,3,950.0,327.0,-3.132526,True
378,0,932.1667,321.0,-3.074604,True
378,1,932.1667,321.0,-3.074604,True
378,2,939.0,262.0,-2.706359,True
378,3,928.0,203.0,-2.318408,True
379,0,939.0,262.0,-2.706359,True
379,1,939.0,203.0,-2.330563,True
379,2,916.1667,203.0,-2.305332,True
379,3,919.1667,203.0,-2.308647,True
380,0,928.0,203.0,-2.318408,True
380,1,939.0,262.0,-2.706359,True
380,2,950.0,386.0,-3.508322,True
380,3,918.1667,203.0,-2.307542,True
381,0,951.8333,386.0,-3.510348,True
381,1,904.1667,203.0,-2.292073,True
381,2,919.1667,203.0,-2.308647,True
381,3,950.0,386.0,-3.508322,True
382,0,936.1667,203.0,-2.327432,True
382,1,904.1667,203.0,-2.292073,True
382,2,915.1667,203.0,-2.304228,True
382,3,920.1667,203.0,-2.309752,True
383,0,947.1667,323.0,-3.103918,True
383,1,946.0,203.0,-2.338297,True
383,2,904.1667,203.0,-2.292073,True
383,3,939.0,262.0,-2.706359,True
384,0,944.0,203.0,-2.336088,True
384,1,917.1667,203.0,-2.306437,True
384,2,942.1667,203.0,-2.334062,True
384,3,942.1667,203.0,-2.334062,True
385,0,919.1667,203.0,-2.308647,True
385,1,994.0,386.0,-3.556941,True
385,2,939.0,262.0,-2.706359,True
385,3,929.1667,203.0,-2.319697,True
386,0,950.0,386.0,-3.508322,True
386,1,1047.3333,539.0,-4.590395,True
386,2,939.0,262.0,-2.706359,True
386,3,950.0,386.0,-3.508322,True
387,0,931.1667,262.0,-2.697703,True
387,1,950.0,327.0,-3.132526,True
387,2,950.0,386.0,-3.508322,True
387,3,950.0,386.0,-3.508322,True
388,0,939.0,262.0,-2.706359,True
388,1,919.1667,203.0,-2.308647,True
388,2,924.1667,203.0,-2.314172,True
388,3,919.1667,203.0,-2.308647,True
389,0,950.0,386.0,-3.508322,True
389,1,950.0,327.0,-3.132526,True
389,2,921.1667,203.0,-2.310857,True
389,3,950.0,386.0,-3.508322,True
390,0,950.0,386.0,-3.508322,True
390,1,939.0,262.0,-2.706359,True
390,2,950.0,327.0,-3.132526,True
390,3,950.0,386.0,-3.508322,True
391,0,968.0,386.0,-3.528212,True
391,1,939.0,203.0,-2.330563,True
391,2,950.0,386.0,-3.508322,True
391,3,968.0,386.0,-3.528212,True
392,0,950.0,386.0,-3.508322,True
392,1,950.1667,203.0,-2.342902,True
392,2,952.1667,386.0,-3.510717,True
392,3,957.0,327.0,-3.140261,True
393,0,939.0,262.0,-2.706359,True
393,1,968.0,386.0,-3.528212,True
393,2,950.0,386.0,-3.508322,True
393,3,950.0,386.0,-3.508322,True
394,0,984.0,262.0,-2.756083,True
394,1,950.0,386.0,-3.508322,True
394,2,950.0,327.0,-3.132526,True
394,3,950.0,386.0,-3.508322,True
395,0,982.0,386.0,-3.543682,True
395,1,939.0,262.0,-2.706359,True
395,2,950.0,327.0,-3.132526,True
395,3,939.0,262.0,-2.706359,True
396,0,950.0,327.0,-3.132526,True
396,1,939.0,262.0,-2.706359,True
396,2,939.0,262.0,-2.706359,True
396,3,950.0,386.0,-3.508322,True
397,0,950.0,386.0,-3.508322,True
397,1,950.0,386.0,-3.508322,True
397,2,950.0,327.0,-3.132526,True
397,3,950.0,327.0,-3.132526,True
398,0,939.0,262.0,-2.706359,True
398,1,950.0,386.0,-3.508322,True
398,2,970.1667,386.0,-3.530606,True
398,3,939.0,262.0,-2.706359,True
399,0,950.0,327.0,-3.132526,True
399,1,950.0,386.0,-3.508322,True
399,2,939.0,262.0,-2.706359,True
399,3,950.0,386.0,-3.508322,True
400,0,950.0,386.0,-3.508322,True
400,1,950.0,327.0,-3.132526,True
400,2,950.0,386.0,-3.508322,True
400,3,939.0,262.0,-2.706359,True
401,0,950.0,386.0,-3.508322,True
401,1,950.0,327.0,-3.132526,True
401,2,920.1667,203.0,-2.309752,True
401,3,950.0,386.0,-3.508322,True
402,0,950.0,386.0,-3.508322,True
402,1,950.0,386.0,-3.508322,True
402,2,950.0,386.0,-3.508322,True
402,3,950.0,327.0,-3.132526,True
403,0,950.0,386.0,-3.508322,True
403,1,1006.1667,386.0,-3.570385,True
403,2,993.0,386.0,-3.555836,True
403,3,971.1667,327.0,-3.155915,True
404,0,946.0,203.0,-2.338297,True
404,1,928.0,203.0,-2.318408,True
404,2,950.0,386.0,-3.508322,True
404,3,957.0,327.0,-3.140261,True
405,0,950.0,327.0,-3.132526,True
405,1,939.0,262.0,-2.706359,True
405,2,995.1667,386.0,-3.55823,True
405,3,957.0,327.0,-3.140261,True
406,0,976.1667,386.0,-3.537236,True
406,1,950.0,386.0,-3.508322,True
406,2,939.0,262.0,-2.706359,True
406,3,950.0,386.0,-3.508322,True
407,0,950.0,386.0,-3.508322,True
407,1,950.0,386.0,-3.508322,True
407,2,950.0,386.0,-3.508322,True
407,3,950.0,386.0,-3.508322,True
408,0,939.0,262.0,-2.706359,True
408,1,950.0,327.0,-3.132526,True
408,2,950.0,327.0,-3.132526,True
408,3,950.0,327.0,-3.132526,True
409,0,939.0,262.0,-2.706359,True
409,1,946.0,203.0,-2.338297,True
409,2,939.0,203.0,-2.330563,True
409,3,950.0,327.0,-3.132526,True
410,0,950.0,386.0,-3.508322,True
410,1,950.0,386.0,-3.508322,True
410,2,939.0,203.0,-2.330563,True
410,3,950.0,386.0,-3.508322,True
411,0,904.1667,203.0,-2.292073,True
411,1,904.1667,203.0,-2.292073,True
411,2,939.0,262.0,-2.706359,True
411,3,950.0,386.0,-3.508322,True
412,0,939.0,262.0,-2.706359,True
412,1,950.0,386.0,-3.508322,True
412,2,950.0,327.0,-3.132526,True
412,3,950.0,386.0,-3.508322,True
413,0,939.0,262.0,-2.706359,True
413,1,904.1667,203.0,-2.292073,True
413,2,939.0,262.0,-2.706359,True
413,3,940.1667,203.0,-2.331852,True
414,0,950.0,386.0,-3.508322,True
414,1,928.0,203.0,-2.318408,True
414,2,904.1667,203.0,-2.292073,True
414,3,950.0,386.0,-3.508322,True
415,0,950.0,386.0,-3.508322,True
415,1,950.0,386.0,-3.508322,True
415,2,939.0,262.0,-2.706359,True
415,3,952.1667,386.0,-3.510717,True
416,0,914.1667,203.0,-2.303123,True
416,1,950.0,327.0,-3.132526,True
416,2,950.0,386.0,-3.508322,True
416,3,939.0,203.0,-2.330563,True
417,0,919.1667,203.0,-2.308647,True
417,1,950.0,386.0,-3.508322,True
417,2,950.0,327.0,-3.132526,True
417,3,944.0,203.0,-2.336088,True
418,0,939.0,203.0,-2.330563,True
418,1,922.1667,203.0,-2.311962,True
418,2,904.1667,203.0,-2.292073,True
418,3,904.1667,203.0,-2.292073,True
419,0,950.0,386.0,-3.508322,True
419,1,946.0,203.0,-2.338297,True
419,2,937.1667,203.0,-2.328537,True
419,3,939.0,262.0,-2.706359,True
420,0,939.0,203.0,-2.330563,True
420,1,950.0,327.0,-3.132526,True
420,2,950.0,386.0,-3.508322,True
420,3,991.1667,386.0,-3.553811,True
421,0,939.0,203.0,-2.330563,True
421,1,950.0,386.0,-3.508322,True
421,2,939.0,262.0,-2.706359,True
421,3,952.1667,386.0,-3.510717,True
422,0,939.0,262.0,-2.706359,True
422,1,950.0,327.0,-3.132526,True
422,2,950.0,386.0,-3.508322,True
422,3,939.0,203.0,-2.330563,True
423,0,919.1667,203.0,-2.308647,True
423,1,939.0,203.0,-2.330563,True
423,2,944.0,203.0,-2.336088,True
423,3,950.0,386.0,-3.508322,True
424,0,950.0,386.0,-3.508322,True
424,1,946.0,262.0,-2.714094,True
424,2,1000.0,386.0,-3.563571,True
424,3,950.0,386.0,-3.508322,True
425,0,939.0,262.0,-2.706359,True
425,1,940.1667,203.0,-2.331852,True
425,2,939.0,262.0,-2.706359,True
425,3,945.1667,203.0,-2.337377,True
426,0,940.1667,203.0,-2.331852,True
426,1,920.1667,203.0,-2.309752,True
426,2,939.0,262.0,-2.706359,True
426,3,919.1667,203.0,-2.308647,True
427,0,919.1667,203.0,-2.308647,True
427,1,950.0,386.0,-3.508322,True
427,2,922.1667,203.0,-2.311962,True
427,3,942.1667,203.0,-2.334062,True
428,0,911.1667,203.0,-2.299808,True
428,1,950.0,327.0,-3.132526,True
428,2,950.0,327.0,-3.132526,True
428,3,950.0,386.0,-3.508322,True
429,0,906.1667,203.0,-2.294283,True
429,1,950.0,386.0,-3.508322,True
429,2,938.1667,203.0,-2.329642,True
429,3,934.1667,203.0,-2.325222,True
430,0,950.0,327.0,-3.132526,True
430,1,950.0,327.0,-3.132526,True
430,2,939.0,262.0,-2.706359,True
430,3,950.0,386.0,-3.508322,True
431,0,914.0,203.0,-2.302938,True
431,1,919.1667,203.0,-2.308647,True
431,2,919.1667,203.0,-2.308647,True
431,3,950.0,386.0,-3.508322,True
432,0,944.0,203.0,-2.336088,True
432,1,979.1667,262.0,-2.750742,True
432,2,949.1667,262.0,-2.717593,True
432,3,944.1667,203.0,-2.336272,True
433,0,928.0,203.0,-2.318408,True
433,1,916.1667,203.0,-2.305332,True
433,2,950.0,327.0,-3.132526,True
433,3,950.0,327.0,-3.132526,True
434,0,904.1667,203.0,-2.292073,True
434,1,922.1667,203.0,-2.311962,True
434,2,939.0,321.0,-3.082155,True
434,3,921.1667,203.0,-2.310857,True
435,0,946.0,203.0,-2.338297,True
435,1,968.0,386.0,-3.528212,True
435,2,939.0,203.0,-2.330563,True
435,3,1015.1667,436.0,-3.898801,True
436,0,988.1667,386.0,-3.550496,True
436,1,939.0,262.0,-2.706359,True
436,2,921.1667,203.0,-2.310857,True
436,3,939.0,279.0,-2.814639,True
437,0,924.1667,203.0,-2.314172,True
437,1,950.0,386.0,-3.508322,True
437,2,950.0,386.0,-3.508322,True
437,3,950.0,327.0,-3.132526,True
438,0,939.0,262.0,-2.706359,True
438,1,950.0,268.0,-2.75673,True
438,2,950.0,327.0,-3.132526,True
438,3,950.0,327.0,-3.132526,True
439,0,940.1667,203.0,-2.331852,True
439,1,949.1667,386.0,-3.507402,True
439,2,989.0,386.0,-3.551416,True
439,3,950.0,386.0,-3.508322,True
440,0,917.1667,203.0,-2.306437,True
440,1,939.0,203.0,-2.330563,True
440,2,935.0,203.0,-2.326143,True
440,3,956.8333,386.0,-3.515873,True
441,0,950.0,386.0,-3.508322,True
441,1,939.0,262.0,-2.706359,True
441,2,919.1667,203.0,-2.308647,True
441,3,950.0,386.0,-3.508322,True
442,0,904.1667,203.0,-2.292073,True
442,1,950.0,386.0,-3.508322,True
442,2,950.0,386.0,-3.508322,True
442,3,922.1667,203.0,-2.311962,True
443,0,950.0,386.0,-3.508322,True
443,1,950.0,327.0,-3.132526,True
443,2,950.0,386.0,-3.508322,True
443,3,939.0,262.0,-2.706359,True
444,0,949.1667,386.0,-3.507402,True
444,1,950.0,327.0,-3.132526,True
444,2,950.0,327.0,-3.132526,True
444,3,950.0,386.0,-3.508322,True
445,0,950.0,386.0,-3.508322,True
445,1,950.0,386.0,-3.508322,True
445,2,968.0,386.0,-3.528212,True
445,3,939.0,262.0,-2.706359,True
446,0,939.0,262.0,-2.706359,True
446,1,949.1667,262.0,-2.717593,True
446,2,939.0,262.0,-2.706359,True
446,3,950.0,327.0,-3.132526,True
447,0,950.0,386.0,-3.508322,True
447,1,943.1667,262.0,-2.710963,True
447,2,950.0,327.0,-3.132526,True
447,3,939.0,203.0,-2.330563,True
448,0,950.0,327.0,-3.132526,True
448,1,950.0,386.0,-3.508322,True
448,2,968.0,386.0,-3.528212,True
448,3,950.0,327.0,-3.132526,True
449,0,919.1667,203.0,-2.308647,True
449,1,909.1667,203.0,-2.297598,True
449,2,914.0,203.0,-2.302938,True
449,3,939.0,262.0,-2.706359,True
450,0,955.1667,203.0,-2.348426,True
450,1,942.1667,203.0,-2.334062,True
450,2,928.0,203.0,-2.318408,True
450,3,942.1667,203.0,-2.334062,True
451,0,904.1667,203.0,-2.292073,True
451,1,944.0,203.0,-2.336088,True
451,2,904.1667,203.0,-2.292073,True
451,3,965.0,203.0,-2.359292,True
452,0,946.0,203.0,-2.338297,True
452,1,950.0,386.0,-3.508322,True
452,2,906.1667,203.0,-2.294283,True
452,3,937.1667,203.0,-2.328537,True
453,0,950.0,327.0,-3.132526,True
453,1,916.1667,203.0,-2.305332,True
453,2,939.0,203.0,-2.330563,True
453,3,939.0,262.0,-2.706359,True
454,0,937.1667,203.0,-2.328537,True
454,1,942.1667,203.0,-2.334062,True
454,2,937.1667,203.0,-2.328537,True
454,3,950.0,386.0,-3.508322,True
455,0,939.0,262.0,-2.706359,True
455,1,919.1667,203.0,-2.308647,True
455,2,950.0,386.0,-3.508322,True
455,3,950.0,327.0,-3.132526,True
456,0,958.0,203.0,-2.351557,True
456,1,950.0,327.0,-3.132526,True
456,2,939.0,203.0,-2.330563,True
456,3,950.0,327.0,-3.132526,True
457,0,939.0,203.0,-2.330563,True
457,1,950.0,327.0,-3.132526,True
457,2,939.0,203.0,-2.330563,True
457,3,939.0,203.0,-2.330563,True
458,0,939.0,203.0,-2.330563,True
458,1,939.0,203.0,-2.330563,True
458,2,939.0,262.0,-2.706359,True
458,3,950.0,327.0,-3.132526,True
459,0,958.0,203.0,-2.351557,True
459,1,939.0,203.0,-2.330563,True
459,2,950.0,386.0,-3.508322,True
459,3,928.0,203.0,-2.318408,True
460,0,940.1667,203.0,-2.331852,True
460,1,950.0,386.0,-3.508322,True
460,2,958.0,203.0,-2.351557,True
460,3,951.0,203.0,-2.343822,True
461,0,939.0,203.0,-2.330563,True
461,1,950.0,327.0,-3.132526,True
461,2,939.0,262.0,-2.706359,True
461,3,922.1667,203.0,-2.311962,True
462,0,919.1667,203.0,-2.308647,True
462,1,932.1667,203.0,-2.323012,True
462,2,920.1667,203.0,-2.309752,True
462,3,965.0,203.0,-2.359292,True
463,0,944.0,203.0,-2.336088,True
463,1,939.0,262.0,-2.706359,True
463,2,928.0,203.0,-2.318408,True
463,3,942.1667,203.0,-2.334062,True
464,0,918.1667,203.0,-2.307542,True
464,1,950.0,327.0,-3.132526,True
464,2,950.0,386.0,-3.508322,True
464,3,918.1667,203.0,-2.307542,True
465,0,950.0,327.0,-3.132526,True
465,1,918.1667,203.0,-2.307542,True
465,2,950.0,327.0,-3.132526,True
465,3,950.0,327.0,-3.132526,True
466,0,919.1667,203.0,-2.308647,True
466,1,928.0,203.0,-2.318408,True
466,2,950.0,327.0,-3.132526,True
466,3,939.0,203.0,-2.330563,True
467,0,939.0,262.0,-2.706359,True
467,1,946.0,262.0,-2.714094,True
467,2,949.1667,386.0,-3.507402,True
467,3,939.0,203.0,-2.330563,True
468,0,950.0,327.0,-3.132526,True
468,1,950.0,327.0,-3.132526,True
468,2,950.0,327.0,-3.132526,True
468,3,950.0,327.0,-3.132526,True
469,0,939.0,262.0,-2.706359,True
469,1,904.1667,203.0,-2.292073,True
469,2,950.0,327.0,-3.132526,True
469,3,919.1667,203.0,-2.308647,True
470,0,950.0,327.0,-3.132526,True
470,1,957.0,386.0,-3.516057,True
470,2,950.0,327.0,-3.132526,True
470,3,951.0,203.0,-2.343822,True
471,0,950.0,386.0,-3.508322,True
471,1,928.0,203.0,-2.318408,True
471,2,928.0,203.0,-2.318408,True
471,3,939.0,203.0,-2.330563,True
472,0,939.0,203.0,-2.330563,True
472,1,950.0,386.0,-3.508322,True
472,2,918.1667,203.0,-2.307542,True
472,3,950.0,327.0,-3.132526,True
473,0,950.0,327.0,-3.132526,True
473,1,939.0,262.0,-2.706359,True
473,2,950.0,327.0,-3.132526,True
473,3,939.0,203.0,-2.330563,True
474,0,939.0,262.0,-2.706359,True
474,1,939.0,203.0,-2.330563,True
474,2,950.0,327.0,-3.132526,True
474,3,950.0,327.0,-3.132526,True
475,0,958.0,203.0,-2.351557,True
475,1,958.0,203.0,-2.351557,True
475,2,965.0,203.0,-2.359292,True
475,3,958.0,203.0,-2.351557,True
476,0,928.0,203.0,-2.318408,True
476,1,950.0,327.0,-3.132526,True
476,2,922.1667,203.0,-2.311962,True
476,3,922.1667,203.0,-2.311962,True
477,0,927.1667,203.0,-2.317487,True
477,1,919.1667,203.0,-2.308647,True
477,2,943.1667,203.0,-2.335167,True
477,3,939.0,203.0,-2.330563,True
478,0,942.1667,203.0,-2.334062,True
478,1,965.0,203.0,-2.359292,True
478,2,928.0,203.0,-2.318408,True
478,3,929.1667,203.0,-2.319697,True
479,0,958.1667,203.0,-2.351741,True
479,1,939.0,203.0,-2.330563,True
479,2,939.0,203.0,-2.330563,True
479,3,920.1667,203.0,-2.309752,True
480,0,929.1667,262.0,-2.695493,True
480,1,928.0,203.0,-2.318408,True
480,2,934.1667,203.0,-2.325222,True
480,3,946.0,203.0,-2.338297,True
481,0,950.0,327.0,-3.132526,True
481,1,928.0,203.0,-2.318408,True
481,2,911.1667,203.0,-2.299808,True
481,3,939.0,203.0,-2.330563,True
482,0,950.0,327.0,-3.132526,True
482,1,950.0,327.0,-3.132526,True
482,2,950.0,327.0,-3.132526,True
482,3,950.0,327.0,-3.132526,True
483,0,958.0,203.0,-2.351557,True
483,1,928.0,203.0,-2.318408,True
483,2,944.0,203.0,-2.336088,True
483,3,940.1667,203.0,-2.331852,True
484,0,950.0,327.0,-3.132526,True
484,1,929.1667,203.0,-2.319697,True
484,2,950.0,327.0,-3.132526,True
484,3,922.1667,203.0,-2.311962,True
485,0,918.1667,203.0,-2.307542,True
485,1,939.0,262.0,-2.706359,True
485,2,950.0,386.0,-3.508322,True
485,3,950.0,327.0,-3.132526,True
486,0,950.0,386.0,-3.508322,True
486,1,950.0,327.0,-3.132526,True
486,2,950.0,327.0,-3.132526,True
486,3,950.0,327.0,-3.132526,True
487,0,958.0,203.0,-2.351557,True
487,1,938.1667,203.0,-2.329642,True
487,2,950.0,386.0,-3.508322,True
487,3,937.1667,203.0,-2.328537,True
488,0,950.0,327.0,-3.132526,True
488,1,950.0,386.0,-3.508322,True
488,2,904.1667,203.0,-2.292073,True
488,3,960.1667,203.0,-2.353951,True
489,0,903.1667,203.0,-2.290968,True
489,1,921.1667,203.0,-2.310857,True
489,2,938.1667,203.0,-2.329642,True
489,3,919.1667,203.0,-2.308647,True
490,0,919.1667,203.0,-2.308647,True
490,1,919.1667,203.0,-2.308647,True
490,2,950.0,386.0,-3.508322,True
490,3,950.0,386.0,-3.508322,True
491,0,939.0,262.0,-2.706359,True
491,1,939.0,262.0,-2.706359,True
491,2,919.1667,203.0,-2.308647,True
491,3,928.0,203.0,-2.318408,True
492,0,950.0,327.0,-3.132526,True
492,1,950.0,268.0,-2.75673,True
492,2,950.0,386.0,-3.508322,True
492,3,950.0,386.0,-3.508322,True
493,0,928.0,203.0,-2.318408,True
493,1,950.0,386.0,-3.508322,True
493,2,950.0,386.0,-3.508322,True
493,3,939.0,262.0,-2.706359,True
494,0,928.8333,321.0,-3.070921,True
494,1,958.0,203.0,-2.351557,True
494,2,950.0,327.0,-3.132526,True
494,3,939.0,262.0,-2.706359,True
495,0,939.0,262.0,-2.706359,True
495,1,950.0,327.0,-3.132526,True
495,2,914.0,203.0,-2.302938,True
495,3,939.0,262.0,-2.706359,True
496,0,950.0,327.0,-3.132526,True
496,1,950.0,327.0,-3.132526,True
496,2,939.0,262.0,-2.706359,True
496,3,939.0,262.0,-2.706359,True
497,0,950.0,386.0,-3.508322,True
497,1,939.0,262.0,-2.706359,True
497,2,939.0,262.0,-2.706359,True
497,3,906.1667,203.0,-2.294283,True
498,0,950.0,327.0,-3.132526,True
498,1,934.1667,203.0,-2.325222,True
498,2,939.0,262.0,-2.706359,True
498,3,950.0,327.0,-3.132526,True
499,0,950.0,327.0,-3.132526,True
499,1,950.0,327.0,-3.132526,True
499,2,939.0,203.0,-2.330563,True
499,3,939.0,262.0,-2.706359,True
500,0,939.0,262.0,-2.706359,True
500,1,949.1667,386.0,-3.507402,True
500,2,950.0,386.0,-3.508322,True
500,3,913.1667,203.0,-2.302018,True
