method,instance_id,M,A,R,J,op_types,sec_per_episode,steps_mean
HCMAGRL,M4_A3_R4_J2,4,3,4,2,8,7.820040410400004,67.79
HCMAGRL,M4_A3_R6_J3,4,3,6,3,18,6.98479941260023,138.1605
HCMAGRL,M4_A3_R8_J4,4,3,8,4,32,12.419925029798645,248.997
HCMAGRL,M4_A4_R4_J2,4,4,4,2,8,4.651146725399886,60.496
HCMAGRL,M4_A4_R6_J3,4,4,6,3,18,7.998908776601078,155.9565
HCMAGRL,M4_A4_R8_J4,4,4,8,4,32,13.875210309201618,255.986
HCMAGRL,M4_A5_R4_J2,4,5,4,2,8,4.814636071400717,60.602
HCMAGRL,M4_A5_R6_J3,4,5,6,3,18,7.3756708229905925,137.5375
HCMAGRL,M4_A5_R8_J4,4,5,8,4,32,12.814675457198172,252.4935
HCMAGRL,M8_A6_R4_J2,8,6,4,2,8,4.532854583596345,57.973
HCMAGRL,M8_A6_R6_J3,8,6,6,3,18,8.972202552600008,168.0955
HCMAGRL,M8_A6_R8_J4,8,6,8,4,32,14.095207536799833,253.79
HCMAGRL,M8_A8_R4_J2,8,8,4,2,8,5.566361929596169,72.25966666666666
HCMAGRL,M8_A8_R6_J3,8,8,6,3,18,22.28635756359878,173.81133333333335
HCMAGRL,M8_A8_R8_J4,8,8,8,4,32,21.753292986598797,300.81266666666664
HCMAGRL,M8_A10_R4_J2,8,10,4,2,8,6.433782578598941,89.11966666666666
HCMAGRL,M8_A10_R6_J3,8,10,6,3,18,8.655100016796961,136.23433333333335
HCMAGRL,M8_A10_R8_J4,8,10,8,4,32,21.58215206240048,296.2453333333333
HCMAGRL,M12_A9_R4_J2,12,9,4,2,8,7.8657327112008355,95.189
HCMAGRL,M12_A9_R6_J3,12,9,6,3,18,12.317933740601875,148.558
HCMAGRL,M12_A9_R8_J4,12,9,8,4,32,23.024647786398884,266.5323333333333
HCMAGRL,M12_A12_R4_J2,12,12,4,2,8,7.099331890000612,80.85266666666668
HCMAGRL,M12_A12_R6_J3,12,12,6,3,18,12.012083864599699,146.692
HCMAGRL,M12_A12_R8_J4,12,12,8,4,32,23.148341906800166,248.7733333333333
HCMAGRL,M12_A15_R4_J2,12,15,4,2,8,7.8112503459987925,87.29866666666666
HCMAGRL,M12_A15_R6_J3,12,15,6,3,18,13.350062629399938,163.91833333333332
HCMAGRL,M12_A15_R8_J4,12,15,8,4,32,24.35947279980115,257.2246666666666
w/o EdgeAttn,M4_A3_R4_J2,4,3,4,2,8,0.7886219268017448,67.9055
w/o EdgeAttn,M4_A3_R6_J3,4,3,6,3,18,1.9758877365984955,138.02
w/o EdgeAttn,M4_A3_R8_J4,4,3,8,4,32,4.744113353000953,250.6605
w/o EdgeAttn,M4_A4_R4_J2,4,4,4,2,8,0.6841575085977092,58.728
w/o EdgeAttn,M4_A4_R6_J3,4,4,6,3,18,2.325731885800138,157.206
w/o EdgeAttn,M4_A4_R8_J4,4,4,8,4,32,4.917493788807187,256.367
w/o EdgeAttn,M4_A5_R4_J2,4,5,4,2,8,0.6975012656017207,60.505
w/o EdgeAttn,M4_A5_R6_J3,4,5,6,3,18,1.9681095810006373,137.604
w/o EdgeAttn,M4_A5_R8_J4,4,5,8,4,32,4.800043037996628,254.082
w/o EdgeAttn,M8_A6_R4_J2,8,6,4,2,8,0.6283145003961399,57.3605
w/o EdgeAttn,M8_A6_R6_J3,8,6,6,3,18,2.5603238575966096,168.021
w/o EdgeAttn,M8_A6_R8_J4,8,6,8,4,32,5.01407394800242,253.8035
w/o EdgeAttn,M8_A8_R4_J2,8,8,4,2,8,0.9174895034013316,71.866
w/o EdgeAttn,M8_A8_R6_J3,8,8,6,3,18,2.6849849430033936,172.872
w/o EdgeAttn,M8_A8_R8_J4,8,8,8,4,32,6.441817034608219,301.153
w/o EdgeAttn,M8_A10_R4_J2,8,10,4,2,8,1.077077755198814,89.9335
w/o EdgeAttn,M8_A10_R6_J3,8,10,6,3,18,1.971151561996434,137.4905
w/o EdgeAttn,M8_A10_R8_J4,8,10,8,4,32,6.374867392398882,298.2325
w/o EdgeAttn,M12_A9_R4_J2,12,9,4,2,8,1.1496627026060595,94.947
w/o EdgeAttn,M12_A9_R6_J3,12,9,6,3,18,2.208835553406738,152.1775
w/o EdgeAttn,M12_A9_R8_J4,12,9,8,4,32,5.32870858759759,267.231
w/o EdgeAttn,M12_A12_R4_J2,12,12,4,2,8,0.95360792299686,81.097
w/o EdgeAttn,M12_A12_R6_J3,12,12,6,3,18,2.1265290675968864,148.8075
w/o EdgeAttn,M12_A12_R8_J4,12,12,8,4,32,4.734477014201693,249.9825
w/o EdgeAttn,M12_A15_R4_J2,12,15,4,2,8,1.0508766565970145,87.8045
w/o EdgeAttn,M12_A15_R6_J3,12,15,6,3,18,2.5043051974051633,165.1095
w/o EdgeAttn,M12_A15_R8_J4,12,15,8,4,32,5.088230732403695,259.6265
w/o Hierarchy,M4_A3_R4_J2,4,3,4,2,8,0.7925626227948814,66.415
w/o Hierarchy,M4_A3_R6_J3,4,3,6,3,18,2.109941848200513,138.124
w/o Hierarchy,M4_A3_R8_J4,4,3,8,4,32,5.476190214400179,248.102
w/o Hierarchy,M4_A4_R4_J2,4,4,4,2,8,0.6578823995983694,58.405
w/o Hierarchy,M4_A4_R6_J3,4,4,6,3,18,2.386975818400271,154.4045
w/o Hierarchy,M4_A4_R8_J4,4,4,8,4,32,8.340438129000832,256.474
w/o Hierarchy,M4_A5_R4_J2,4,5,4,2,8,1.2570236291997134,60.173
w/o Hierarchy,M4_A5_R6_J3,4,5,6,3,18,3.7403490839968434,135.3305
w/o Hierarchy,M4_A5_R8_J4,4,5,8,4,32,10.80752046440146,252.0695
w/o Hierarchy,M8_A6_R4_J2,8,6,4,2,8,1.3777685489947908,57.84
w/o Hierarchy,M8_A6_R6_J3,8,6,6,3,18,5.431792548400117,167.843
w/o Hierarchy,M8_A6_R8_J4,8,6,8,4,32,11.544239883197704,253.6905
w/o Hierarchy,M8_A8_R4_J2,8,8,4,2,8,1.774324753003195,71.1235
w/o Hierarchy,M8_A8_R6_J3,8,8,6,3,18,5.697951165206963,172.708
w/o Hierarchy,M8_A8_R8_J4,8,8,8,4,32,15.274433548602508,299.768
w/o Hierarchy,M8_A10_R4_J2,8,10,4,2,8,2.1746375600032044,89.263
w/o Hierarchy,M8_A10_R6_J3,8,10,6,3,18,4.14644191539823,136.253
w/o Hierarchy,M8_A10_R8_J4,8,10,8,4,32,14.390644112001405,295.844
w/o Hierarchy,M12_A9_R4_J2,12,9,4,2,8,2.415271491794847,92.159
w/o Hierarchy,M12_A9_R6_J3,12,9,6,3,18,4.992760289002443,147.664
w/o Hierarchy,M12_A9_R8_J4,12,9,8,4,32,14.269590728800976,265.7835
w/o Hierarchy,M12_A12_R4_J2,12,12,4,2,8,3.251264975801343,81.199
w/o Hierarchy,M12_A12_R6_J3,12,12,6,3,18,6.869309922999703,149.7415
w/o Hierarchy,M12_A12_R8_J4,12,12,8,4,32,13.475037133601262,248.702
w/o Hierarchy,M12_A15_R4_J2,12,15,4,2,8,2.8309971238013825,87.1145
w/o Hierarchy,M12_A15_R6_J3,12,15,6,3,18,6.794050385598559,164.2395
w/o Hierarchy,M12_A15_R8_J4,12,15,8,4,32,13.66966002619965,256.593
w/o Heterogeneity,M4_A3_R4_J2,4,3,4,2,8,2.0351723909981083,67.993
w/o Heterogeneity,M4_A3_R6_J3,4,3,6,3,18,7.498743237201008,139.076
w/o Heterogeneity,M4_A3_R8_J4,4,3,8,4,32,18.808639674999867,250.818
w/o Heterogeneity,M4_A4_R4_J2,4,4,4,2,8,2.4234854061993536,59.065
w/o Heterogeneity,M4_A4_R6_J3,4,4,6,3,18,8.77893783300044,157.263
w/o Heterogeneity,M4_A4_R8_J4,4,4,8,4,32,19.69734904419817,258.0505
w/o Heterogeneity,M4_A5_R4_J2,4,5,4,2,8,2.535711524598184,60.395
w/o Heterogeneity,M4_A5_R6_J3,4,5,6,3,18,7.855604192400933,138.2175
w/o Heterogeneity,M4_A5_R8_J4,4,5,8,4,32,19.636816014800687,256.724
w/o Heterogeneity,M8_A6_R4_J2,8,6,4,2,8,2.6478187169972807,57.9245
w/o Heterogeneity,M8_A6_R6_J3,8,6,6,3,18,10.72082564860233,168.348
w/o Heterogeneity,M8_A6_R8_J4,8,6,8,4,32,21.632023059601895,254.3705
w/o Heterogeneity,M8_A8_R4_J2,8,8,4,2,8,3.6042531725994778,72.2445
w/o Heterogeneity,M8_A8_R6_J3,8,8,6,3,18,10.443087424401892,174.1725
w/o Heterogeneity,M8_A8_R8_J4,8,8,8,4,32,29.472542498000664,310.0015
w/o Heterogeneity,M8_A10_R4_J2,8,10,4,2,8,5.1980961994011885,90.177
w/o Heterogeneity,M8_A10_R6_J3,8,10,6,3,18,7.574731931398623,137.572
w/o Heterogeneity,M8_A10_R8_J4,8,10,8,4,32,15.68673540800158,309.183
w/o Heterogeneity,M12_A9_R4_J2,12,9,4,2,8,2.7288586145974696,94.6275
w/o Heterogeneity,M12_A9_R6_J3,12,9,6,3,18,5.80678919019876,154.1515
w/o Heterogeneity,M12_A9_R8_J4,12,9,8,4,32,14.57830315220356,270.3215
w/o Heterogeneity,M12_A12_R4_J2,12,12,4,2,8,2.539413967399858,81.182
w/o Heterogeneity,M12_A12_R6_J3,12,12,6,3,18,5.980936961597996,151.5295
w/o Heterogeneity,M12_A12_R8_J4,12,12,8,4,32,13.834094557000324,255.5775
w/o Heterogeneity,M12_A15_R4_J2,12,15,4,2,8,2.9883160894007887,88.561
w/o Heterogeneity,M12_A15_R6_J3,12,15,6,3,18,7.141752999199322,167.1045
w/o Heterogeneity,M12_A15_R8_J4,12,15,8,4,32,14.733323914802167,265.923
w/o Graph,M4_A3_R4_J2,4,3,4,2,8,0.5856245852094144,67.9795
w/o Graph,M4_A3_R6_J3,4,3,6,3,18,1.554362940205261,138.542
w/o Graph,M4_A3_R8_J4,4,3,8,4,32,4.331974612997845,249.273
w/o Graph,M4_A4_R4_J2,4,4,4,2,8,0.5031610415866599,58.513
w/o Graph,M4_A4_R6_J3,4,4,6,3,18,1.8750155582008883,157.357
w/o Graph,M4_A4_R8_J4,4,4,8,4,32,4.532658271194435,256.9485
w/o Graph,M4_A5_R4_J2,4,5,4,2,8,0.51496458100155,60.5815
w/o Graph,M4_A5_R6_J3,4,5,6,3,18,1.552708553207107,138.8485
w/o Graph,M4_A5_R8_J4,4,5,8,4,32,4.379317162998021,253.761
w/o Graph,M8_A6_R4_J2,8,6,4,2,8,0.47057074919342995,57.818
w/o Graph,M8_A6_R6_J3,8,6,6,3,18,2.086299927203916,167.686
w/o Graph,M8_A6_R8_J4,8,6,8,4,32,4.489668690605089,253.8075
w/o Graph,M8_A8_R4_J2,8,8,4,2,8,0.6575428576217964,72.58
w/o Graph,M8_A8_R6_J3,8,8,6,3,18,2.185582977200858,172.531
w/o Graph,M8_A8_R8_J4,8,8,8,4,32,5.976297460001893,300.6395
w/o Graph,M8_A10_R4_J2,8,10,4,2,8,0.8329339694138617,89.479
w/o Graph,M8_A10_R6_J3,8,10,6,3,18,1.5674000635957346,137.24
w/o Graph,M8_A10_R8_J4,8,10,8,4,32,5.842183008589782,296.5045
w/o Graph,M12_A9_R4_J2,12,9,4,2,8,0.8547112949974834,94.536
w/o Graph,M12_A9_R6_J3,12,9,6,3,18,1.7333467376017944,149.2885
w/o Graph,M12_A9_R8_J4,12,9,8,4,32,4.884731499999762,265.745
w/o Graph,M12_A12_R4_J2,12,12,4,2,8,0.7368367879865692,81.404
w/o Graph,M12_A12_R6_J3,12,12,6,3,18,1.713198142606765,149.847
w/o Graph,M12_A12_R8_J4,12,12,8,4,32,4.296803335397504,248.941
w/o Graph,M12_A15_R4_J2,12,15,4,2,8,0.8047775479927659,86.9985
w/o Graph,M12_A15_R6_J3,12,15,6,3,18,2.048485119408928,163.681
w/o Graph,M12_A15_R8_J4,12,15,8,4,32,4.52620282861311,257.3555
DDQN,M4_A3_R4_J2,4,3,4,2,8,0.5032115443999994,73.372
DDQN,M4_A3_R6_J3,4,3,6,3,18,0.854967720800003,140.79
DDQN,M4_A3_R8_J4,4,3,8,4,32,2.011033799200195,249.77
DDQN,M4_A4_R4_J2,4,4,4,2,8,0.3987536495999982,63.296
DDQN,M4_A4_R6_J3,4,4,6,3,18,1.0460874065999997,163.962
DDQN,M4_A4_R8_J4,4,4,8,4,32,2.1332952101997797,258.814
DDQN,M4_A5_R4_J2,4,5,4,2,8,0.3937576629999987,63.058
DDQN,M4_A5_R6_J3,4,5,6,3,18,0.9011291337999919,145.014
DDQN,M4_A5_R8_J4,4,5,8,4,32,2.3214213767997136,250.514
DDQN,M8_A6_R4_J2,8,6,4,2,8,0.3904595880000004,58.998
DDQN,M8_A6_R6_J3,8,6,6,3,18,1.1239189849999693,173.746
DDQN,M8_A6_R8_J4,8,6,8,4,32,2.7211316012000317,256.966
DDQN,M8_A8_R4_J2,8,8,4,2,8,0.5863477156000072,79.57
DDQN,M8_A8_R6_J3,8,8,6,3,18,1.2563484030000145,178.956
DDQN,M8_A8_R8_J4,8,8,8,4,32,3.6098911127997417,299.612
DDQN,M8_A10_R4_J2,8,10,4,2,8,0.8529505104000005,96.824
DDQN,M8_A10_R6_J3,8,10,6,3,18,1.0874554744000016,146.314
DDQN,M8_A10_R8_J4,8,10,8,4,32,3.0321732496001204,297.988
DDQN,M12_A9_R4_J2,12,9,4,2,8,2.0333592839999537,100.478
DDQN,M12_A9_R6_J3,12,9,6,3,18,1.2908792330000034,164.504
DDQN,M12_A9_R8_J4,12,9,8,4,32,2.7990607163999375,268.666
DDQN,M12_A12_R4_J2,12,12,4,2,8,0.6345050819999901,86.468
DDQN,M12_A12_R6_J3,12,12,6,3,18,1.2991664691999723,163.214
DDQN,M12_A12_R8_J4,12,12,8,4,32,3.4860786649999937,251.228
DDQN,M12_A15_R4_J2,12,15,4,2,8,0.7228353127999949,96.374
DDQN,M12_A15_R6_J3,12,15,6,3,18,1.4618331844000203,176.71
DDQN,M12_A15_R8_J4,12,15,8,4,32,2.48735247360004,266.344
EDQN,M4_A3_R4_J2,4,3,4,2,8,0.4444893299999458,73.044
EDQN,M4_A3_R6_J3,4,3,6,3,18,0.8839232098000867,140.902
EDQN,M4_A3_R8_J4,4,3,8,4,32,1.9897945089999776,255.636
EDQN,M4_A4_R4_J2,4,4,4,2,8,0.40245551640001215,63.252
EDQN,M4_A4_R6_J3,4,4,6,3,18,1.0863377717999247,163.974
EDQN,M4_A4_R8_J4,4,4,8,4,32,2.0821668888001006,265.392
EDQN,M4_A5_R4_J2,4,5,4,2,8,0.4027139139999854,62.954
EDQN,M4_A5_R6_J3,4,5,6,3,18,0.9657999824000871,144.81
EDQN,M4_A5_R8_J4,4,5,8,4,32,2.1094907159999856,265.32
EDQN,M8_A6_R4_J2,8,6,4,2,8,0.41151661460009925,59.306
EDQN,M8_A6_R6_J3,8,6,6,3,18,1.3602875440000934,173.798
EDQN,M8_A6_R8_J4,8,6,8,4,32,2.45743063539984,259.956
EDQN,M8_A8_R4_J2,8,8,4,2,8,0.6421238429998921,79.564
EDQN,M8_A8_R6_J3,8,8,6,3,18,1.5460198365999531,179.36
EDQN,M8_A8_R8_J4,8,8,8,4,32,3.830649562199862,320.376
EDQN,M8_A10_R4_J2,8,10,4,2,8,0.7714095037997322,96.754
EDQN,M8_A10_R6_J3,8,10,6,3,18,1.3162056621999945,146.216
EDQN,M8_A10_R8_J4,8,10,8,4,32,3.895405774400031,319.494
EDQN,M12_A9_R4_J2,12,9,4,2,8,0.9037765971998888,100.456
EDQN,M12_A9_R6_J3,12,9,6,3,18,1.8400373836000217,164.158
EDQN,M12_A9_R8_J4,12,9,8,4,32,3.9787928563997994,284.99
EDQN,M12_A12_R4_J2,12,12,4,2,8,0.8188377422000486,88.376
EDQN,M12_A12_R6_J3,12,12,6,3,18,1.7209685380000155,164.042
EDQN,M12_A12_R8_J4,12,12,8,4,32,3.590672279400023,269.146
EDQN,M12_A15_R4_J2,12,15,4,2,8,0.947521013600126,96.768
EDQN,M12_A15_R6_J3,12,15,6,3,18,2.0076580146001506,176.562
EDQN,M12_A15_R8_J4,12,15,8,4,32,3.842272093599997,277.994
SAC,M4_A3_R4_J2,4,3,4,2,8,0.5729092100000053,74.946
SAC,M4_A3_R6_J3,4,3,6,3,18,1.089841607799848,138.462
SAC,M4_A3_R8_J4,4,3,8,4,32,2.2782376557998503,248.538
SAC,M4_A4_R4_J2,4,4,4,2,8,0.46972522699999925,62.474
SAC,M4_A4_R6_J3,4,4,6,3,18,1.349629524800017,156.002
SAC,M4_A4_R8_J4,4,4,8,4,32,2.267044131199815,256.998
SAC,M4_A5_R4_J2,4,5,4,2,8,0.5146714439999975,68.42
SAC,M4_A5_R6_J3,4,5,6,3,18,1.1707360940000144,137.994
SAC,M4_A5_R8_J4,4,5,8,4,32,2.264564870199858,252.548
SAC,M8_A6_R4_J2,8,6,4,2,8,0.4801463104000018,58.704
SAC,M8_A6_R6_J3,8,6,6,3,18,1.5163258774000423,167.97
SAC,M8_A6_R8_J4,8,6,8,4,32,2.404839561000044,256.71
SAC,M8_A8_R4_J2,8,8,4,2,8,0.7871744081999973,91.44
SAC,M8_A8_R6_J3,8,8,6,3,18,1.6299454089999637,170.78
SAC,M8_A8_R8_J4,8,8,8,4,32,3.06501872620004,298.67
SAC,M8_A10_R4_J2,8,10,4,2,8,0.9941990028000036,115.138
SAC,M8_A10_R6_J3,8,10,6,3,18,1.3490169467999948,138.908
SAC,M8_A10_R8_J4,8,10,8,4,32,3.326779607799937,297.934
SAC,M12_A9_R4_J2,12,9,4,2,8,0.9834185454000198,113.248
SAC,M12_A9_R6_J3,12,9,6,3,18,1.656443408200139,154.372
SAC,M12_A9_R8_J4,12,9,8,4,32,3.160818471600156,265.346
SAC,M12_A12_R4_J2,12,12,4,2,8,0.8491530337999993,92.42
SAC,M12_A12_R6_J3,12,12,6,3,18,1.5792288855999213,151.266
SAC,M12_A12_R8_J4,12,12,8,4,32,3.0464631400000943,249.314
SAC,M12_A15_R4_J2,12,15,4,2,8,1.070786458199991,114.694
SAC,M12_A15_R6_J3,12,15,6,3,18,1.7996849045999552,166.914
SAC,M12_A15_R8_J4,12,15,8,4,32,3.266321838400341,258.354
D-DRL,M4_A3_R4_J2,4,3,4,2,8,0.4708487531999983,69.962
D-DRL,M4_A3_R6_J3,4,3,6,3,18,0.9579488002000107,138.292
D-DRL,M4_A3_R8_J4,4,3,8,4,32,2.035756077800106,248.856
D-DRL,M4_A4_R4_J2,4,4,4,2,8,0.43742425200000096,60.644
D-DRL,M4_A4_R6_J3,4,4,6,3,18,1.099931483799912,156.216
D-DRL,M4_A4_R8_J4,4,4,8,4,32,2.041271223599804,256.61
D-DRL,M4_A5_R4_J2,4,5,4,2,8,0.4536100105999983,62.282
D-DRL,M4_A5_R6_J3,4,5,6,3,18,0.9723253432000638,138.088
D-DRL,M4_A5_R8_J4,4,5,8,4,32,2.2283728958000575,252.806
D-DRL,M8_A6_R4_J2,8,6,4,2,8,0.46617657979999877,58.582
D-DRL,M8_A6_R6_J3,8,6,6,3,18,1.2585533436000114,167.946
D-DRL,M8_A6_R8_J4,8,6,8,4,32,3.1267328983997578,256.294
D-DRL,M8_A8_R4_J2,8,8,4,2,8,0.5877981421999977,74.01
D-DRL,M8_A8_R6_J3,8,8,6,3,18,1.409510861200033,171.954
D-DRL,M8_A8_R8_J4,8,8,8,4,32,4.082385339799876,299.95
D-DRL,M8_A10_R4_J2,8,10,4,2,8,0.7318911322000003,91.776
D-DRL,M8_A10_R6_J3,8,10,6,3,18,1.2542241191999997,139.55
D-DRL,M8_A10_R8_J4,8,10,8,4,32,3.210854699599775,301.064
D-DRL,M12_A9_R4_J2,12,9,4,2,8,0.7825690294000133,97.768
D-DRL,M12_A9_R6_J3,12,9,6,3,18,1.3624943317999787,155.992
D-DRL,M12_A9_R8_J4,12,9,8,4,32,2.9092137584000737,266.456
D-DRL,M12_A12_R4_J2,12,12,4,2,8,0.690609284000001,84.136
D-DRL,M12_A12_R6_J3,12,12,6,3,18,1.3754068998000513,152.78
D-DRL,M12_A12_R8_J4,12,12,8,4,32,3.087414039999814,252.088
D-DRL,M12_A15_R4_J2,12,15,4,2,8,0.8517889376000131,91.018
D-DRL,M12_A15_R6_J3,12,15,6,3,18,1.5709034277999963,169.524
D-DRL,M12_A15_R8_J4,12,15,8,4,32,3.1928907654000795,260.784
