method,seed,multiplier,makespan,cost,original_matrix_cost
HCMAGRL,42,0.5,78.25,13750.0,11375.0
HCMAGRL,42,1,102.65,13750.0,11375.0
HCMAGRL,42,2,153.3,13750.0,11375.0
Flat,42,0.5,79.25,13875.0,12750.0
Flat,42,1,103.5,13875.0,12750.0
Flat,42,2,152.3,13875.0,12750.0
MLP,42,0.5,151.45,37375.0,34975.0
MLP,42,1,247.9,37375.0,34975.0
MLP,42,2,440.8,37375.0,34975.0
SPT,-1,0.5,79.75,13500.0,12375.0
SPT,-1,1,103.65,13500.0,12375.0
SPT,-1,2,153.3,13500.0,12375.0
SetupGreedy,-1,0.5,77.825,13500.0,16375.0
SetupGreedy,-1,1,102.65,13500.0,16375.0
SetupGreedy,-1,2,152.3,13500.0,16375.0
TwoStage,-1,0.5,77.825,13500.0,16375.0
TwoStage,-1,1,102.65,13500.0,16375.0
TwoStage,-1,2,152.3,13500.0,16375.0
NSGA-II,42,0.5,79.75,13500.0,12375.0
NSGA-II,42,1,103.65,13500.0,12375.0
NSGA-II,42,2,153.3,13500.0,12375.0
